timestamp,machine_id,energy_consumption_kwh,compressed_air_usage,cooling_water_usage,power_peak_kw,energy_cost
2026-01-01 06:00:00,M01,37.29,17.67,19.22,71.6,77.07
2026-01-01 06:05:00,M03,35.08,22.81,20.19,65.98,46.88
2026-01-01 06:10:00,M01,40.04,21.19,9.76,61.24,141.88
2026-01-01 06:15:00,M04,44.02,,15.76,62.14,136.5
2026-01-01 06:20:00,M04,28.22,19.02,13.55,48.62,117.78
2026-01-01 06:25:00,M01,29.26,21.23,11.28,64.96,139.37
2026-01-01 06:30:00,M01,32.65,22.41,19.64,57.7,136.9
2026-01-01 06:35:00,M04,39.84,16.01,12.08,53.25,87.88
2026-01-01 06:40:00,M02,316.86476190476196,16.06,12.27,54.57,47.27
2026-01-01 06:45:00,M01,46.2,,12.9,49.16,46.5
2026-01-01 06:50:00,M03,40.99,24.04,,76.3,84.63
2026-01-01 06:55:00,M04,35.42,17.78,16.58,66.96,114.25
2026-01-01 07:00:00,M03,42.65,15.22,,68.72,72.59
2026-01-01 07:05:00,M04,33.77,23.76,15.27,50.4,72.49
2026-01-01 07:10:00,M01,25.04,14.56,13.83,43.58,29.47
2026-01-01 07:15:00,M01,42.46,18.26,18.31,,121.24
2026-01-01 07:20:00,M01,40.17,14.0,17.52,58.31,42.32
2026-01-01 07:25:00,M01,38.41,21.17,15.27,61.83,136.81
2026-01-01 07:30:00,M01,38.02,19.35,13.23,76.77,42.65
2026-01-01 07:35:00,M04,31.18,21.22,12.23,52.96,116.49
2026-01-01 07:40:00,M03,24.7,16.91,11.34,46.73,116.93
2026-01-01 07:45:00,M02,20.86,26.18,,50.91,132.02
2026-01-01 07:50:00,M04,23.27,18.73,9.73,61.8,87.77
2026-01-01 07:55:00,M01,34.85,22.71,13.89,73.31,72.34
2026-01-01 08:00:00,M01,26.5,19.23,16.91,65.59,32.62
2026-01-01 08:05:00,M02,25.49,157.451929092805,13.69,48.94,128.52
,M01,28.1,20.77,10.09,73.54,74.22
2026-01-01 08:15:00,M03,35.25,28.2,14.19,54.75,148.59
2026-01-01 08:20:00,M03,40.57,20.7,16.64,44.37,58.85
2026-01-01 08:25:00,,48.92,17.54,17.08,60.91,76.95
2026-01-01 08:30:00,M01,46.24,23.69,10.54,421.25823529411764,74.14
2026-01-01 08:35:00,M01,32.87,12.34,17.45,75.26,82.1
2026-01-01 08:40:00,,27.78,30.2,17.09,49.8,48.94
2026-01-01 08:45:00,M03,39.24,21.99,13.73,72.96,55.59
2026-01-01 08:50:00,M01,33.94,16.33,16.9,53.9,79.87
2026-01-01 08:55:00,M01,34.62,16.92,11.09,54.73,120.23
2026-01-01 09:00:00,M01,33.29,20.8,7.04,54.9,116.79
2026-01-01 09:05:00,M01,31.36,12.8,12.67,71.35,43.98
2026-01-01 09:10:00,M01,39.36,24.64,14.65,48.34,89.09
2026-01-01 09:15:00,M03,40.62,23.8,15.14,53.69,87.9
2026-01-01 09:20:00,M04,34.38,22.83,6.27,60.47,94.2
2026-01-01 09:25:00,M03,37.14,,14.69,62.59,60.9
2026-01-01 09:30:00,M03,30.57,31.59,105.00433823529411,65.91,113.36
2026-01-01 09:35:00,M04,33.25,16.45,19.64,56.79,56.45
2026-01-01 09:40:00,M03,31.78,17.71,15.78,67.69,62.76
2026-01-01 09:45:00,M02,37.77,14.67,15.99,40.44,44.92
2026-01-01 09:50:00,M03,34.34,20.42,16.45,62.74,40.87
2026-01-01 09:55:00,M04,36.63,17.58,20.16,421.25823529411764,134.57
2026-01-01 10:00:00,M01,,21.14,16.43,53.16,71.22
,M03,47.3,26.51,18.97,65.16,118.22
2026-01-01 10:10:00,M03,33.56,23.77,9.78,53.03,118.61
2026-01-01 10:15:00,M04,25.96,18.04,20.31,59.02,94.21
2026-01-01 10:20:00,M03,41.45,19.48,13.14,,127.37
2026-01-01 10:25:00,M02,26.05,17.83,,63.42,20.11
2026-01-01 10:30:00,M03,30.04,23.27,15.93,67.25,41.03
2026-01-01 10:35:00,M03,35.61,15.52,14.33,55.37,131.02
2026-01-01 10:40:00,M01,31.69,26.47,14.26,59.92,141.78
2026-01-01 10:45:00,M01,33.39,21.39,16.71,60.32,
2026-01-01 10:50:00,M04,316.86476190476196,12.85,12.89,56.96,110.13
2026-01-01 10:55:00,M01,32.97,,16.14,,40.3
2026-01-01 11:00:00,M01,24.06,11.5,9.65,80.39,107.29
2026-01-01 11:05:00,M02,39.51,19.92,105.00433823529411,71.5,104.42
2026-01-01 11:10:00,M03,36.35,18.13,16.1,57.66,34.25
2026-01-01 11:15:00,M02,35.99,12.8,13.52,63.51,121.8
2026-01-01 11:20:00,M03,33.77,25.15,11.7,58.51,24.37
2026-01-01 11:25:00,M01,31.6,27.46,12.46,55.68,147.4
2026-01-01 11:30:00,M03,,19.12,12.98,70.5,
2026-01-01 11:35:00,M03,42.17,18.78,12.62,59.89,122.3
2026-01-01 11:40:00,M03,38.65,19.92,14.93,421.25823529411764,83.3
2026-01-01 11:45:00,M02,46.17,19.37,15.79,83.92,58.75
2026-01-01 11:50:00,M01,32.74,18.18,16.02,65.11,64.08
2026-01-01 11:55:00,M04,33.51,25.75,105.00433823529411,56.2,33.41
2026-01-01 12:00:00,M01,42.34,21.13,16.15,63.37,114.28
2026-01-01 12:05:00,M02,30.2,19.7,10.08,59.36,144.91
2026-01-01 12:10:00,M02,,22.65,8.81,64.87,51.05
2026-01-01 12:15:00,M02,40.01,20.89,17.36,49.39,147.11
2026-01-01 12:20:00,M04,43.03,20.47,10.35,55.46,78.89
2026-01-01 12:25:00,M04,316.86476190476196,16.62,9.15,64.32,38.22
2026-01-01 12:30:00,M04,35.04,21.03,9.46,62.34,120.37
2026-01-01 12:35:00,M01,35.03,22.79,15.92,,127.91
2026-01-01 12:40:00,M01,,17.31,15.54,65.72,63.91
,M01,30.4,23.56,16.13,62.42,145.7
2026-01-01 12:50:00,M02,37.77,21.8,15.76,48.01,89.73
2026-01-01 12:55:00,M04,43.53,23.13,13.0,46.88,686.7549425287356
2026-01-01 13:00:00,M04,35.47,19.02,13.18,71.35,64.81
2026-01-01 13:05:00,M02,29.53,16.56,,72.67,119.57
2026-01-01 13:10:00,M01,30.85,21.53,17.12,78.9,45.84
2026-01-01 13:15:00,M03,25.39,22.75,15.75,56.86,37.12
2026-01-01 13:20:00,M03,42.9,27.71,11.94,51.66,99.8
2026-01-01 13:25:00,M01,41.87,15.04,,55.0,58.86
2026-01-01 13:30:00,M04,27.07,20.58,10.31,51.92,99.77
2026-01-01 13:35:00,M03,44.04,22.6,15.86,53.38,61.01
2026-01-01 13:40:00,M02,39.83,22.82,8.43,72.19,686.7549425287356
2026-01-01 13:45:00,M04,34.97,15.47,11.42,56.65,74.81
2026-01-01 13:50:00,M01,27.99,157.451929092805,9.43,50.94,148.2
2026-01-01 13:55:00,M02,32.07,14.27,17.36,49.02,68.72
2026-01-01 14:00:00,M03,37.16,14.71,22.06,64.28,39.05
2026-01-01 14:05:00,M01,,25.53,11.61,62.04,102.57
2026-01-01 14:10:00,M04,30.58,16.48,12.54,67.07,114.72
2026-01-01 14:15:00,M03,,24.09,22.22,52.81,64.79
2026-01-01 14:20:00,M02,34.16,20.91,12.66,63.18,116.97
2026-01-01 14:25:00,M01,29.7,24.29,19.57,78.53,64.39
2026-01-01 14:30:00,M04,34.53,18.18,17.29,59.63,32.63
2026-01-01 14:35:00,M02,38.48,18.33,17.12,58.52,30.82
2026-01-01 14:40:00,M02,37.6,22.05,20.68,56.67,81.95
2026-01-01 14:45:00,M02,44.33,25.21,17.02,57.27,147.87
2026-01-01 14:50:00,M02,,24.54,10.29,67.04,89.15
2026-01-01 14:55:00,M01,34.02,17.35,12.23,49.68,89.18
2026-01-01 15:00:00,M03,44.32,28.05,11.92,41.11,132.17
2026-01-01 15:05:00,M04,35.62,15.5,105.00433823529411,71.52,143.15
2026-01-01 15:10:00,M04,33.14,19.06,18.3,63.17,42.87
2026-01-01 15:15:00,M03,32.42,24.44,12.31,55.96,37.16
2026-01-01 15:20:00,M02,44.18,21.63,16.01,77.58,108.72
2026-01-01 15:25:00,M02,33.4,26.25,13.35,57.71,99.53
2026-01-01 15:30:00,M02,34.39,19.61,,,64.94
2026-01-01 15:35:00,M04,38.53,23.54,11.41,62.08,136.42
2026-01-01 15:40:00,M03,32.32,15.78,19.79,63.52,
2026-01-01 15:45:00,M01,35.18,16.31,19.96,63.69,42.51
,M03,31.68,17.92,12.48,55.35,70.63
,M03,34.92,15.51,13.64,49.89,134.12
2026-01-01 16:00:00,M02,35.2,15.69,13.02,59.45,22.42
2026-01-01 16:05:00,M02,33.31,19.22,17.24,73.84,128.93
2026-01-01 16:10:00,M04,40.4,20.52,16.03,59.72,143.71
2026-01-01 16:15:00,M01,40.11,20.28,13.15,57.13,67.63
2026-01-01 16:20:00,M02,46.9,22.94,12.59,54.38,57.02
2026-01-01 16:25:00,M04,24.61,19.39,18.65,57.55,41.55
2026-01-01 16:30:00,M04,30.73,14.32,16.84,65.55,25.2
2026-01-01 16:35:00,M04,35.84,18.42,16.44,60.42,107.95
2026-01-01 16:40:00,M04,36.74,22.6,18.89,61.34,42.22
2026-01-01 16:45:00,M04,43.37,20.85,14.73,68.29,136.33
2026-01-01 16:50:00,M02,24.52,14.68,19.16,57.73,79.25
2026-01-01 16:55:00,M02,41.34,15.56,,58.27,146.48
2026-01-01 17:00:00,M03,30.97,18.21,12.97,52.51,147.38
2026-01-01 17:05:00,M01,28.76,22.9,14.73,72.73,124.07
2026-01-01 17:10:00,M04,36.27,18.49,12.87,72.21,77.17
2026-01-01 17:15:00,M01,34.53,22.11,11.97,60.96,80.11
2026-01-01 17:20:00,M04,51.28,23.69,11.62,54.22,143.57
2026-01-01 17:25:00,M03,39.3,22.26,7.11,61.4,114.6
2026-01-01 17:30:00,M04,39.74,21.63,14.93,60.05,72.09
2026-01-01 17:35:00,M04,33.44,12.61,16.32,,132.13
2026-01-01 17:40:00,M03,33.87,15.81,10.66,58.87,55.34
2026-01-01 17:45:00,,26.84,21.38,10.99,67.72,141.79
2026-01-01 17:50:00,M01,37.64,16.7,14.2,56.61,51.52
2026-01-01 17:55:00,M03,26.47,19.53,17.68,65.47,115.29
2026-01-01 18:00:00,M03,28.52,25.04,12.92,67.79,104.15
2026-01-01 18:05:00,M02,316.86476190476196,15.7,17.36,65.92,96.21
2026-01-01 18:10:00,M04,31.66,21.04,20.44,68.98,80.86
2026-01-01 18:15:00,M02,30.29,25.29,9.76,60.0,92.48
2026-01-01 18:20:00,,31.83,12.3,20.87,50.8,110.02
2026-01-01 18:25:00,M01,38.35,16.88,19.76,,102.34
2026-01-01 18:30:00,M01,38.83,16.71,15.21,58.35,55.95
2026-01-01 18:35:00,M01,27.93,21.69,20.11,64.42,55.32
2026-01-01 18:40:00,M02,38.17,18.82,15.97,67.31,104.39
2026-01-01 18:45:00,M01,40.25,22.2,11.21,68.76,39.82
2026-01-01 18:50:00,M02,47.61,15.43,11.83,58.35,146.75
2026-01-01 18:55:00,M01,38.15,18.14,11.79,51.58,130.08
2026-01-01 19:00:00,,22.52,18.03,17.85,49.69,78.89
2026-01-01 19:05:00,M01,39.11,19.89,18.13,62.44,88.25
2026-01-01 19:10:00,M03,41.66,20.68,18.84,60.85,66.05
2026-01-01 19:15:00,M02,41.77,17.32,12.61,52.63,39.82
2026-01-01 19:20:00,M03,43.45,20.27,,63.29,96.89
2026-01-01 19:25:00,M01,43.28,20.63,14.72,56.04,148.54
2026-01-01 19:30:00,M02,35.13,11.48,20.09,68.37,41.18
2026-01-01 19:35:00,M01,36.15,20.87,105.00433823529411,67.32,89.69
2026-01-01 19:40:00,M02,30.75,,,61.19,144.82
2026-01-01 19:45:00,M04,28.58,29.04,17.83,54.63,147.7
2026-01-01 19:50:00,M03,29.68,20.81,15.28,61.86,83.17
2026-01-01 19:55:00,M04,40.59,19.26,7.73,78.89,
2026-01-01 20:00:00,M01,29.9,25.36,14.35,51.34,52.5
2026-01-01 20:05:00,M02,36.4,17.69,10.84,66.5,111.49
2026-01-01 20:10:00,M03,38.17,16.66,15.54,,686.7549425287356
,,38.69,18.66,17.04,58.7,102.92
2026-01-01 20:20:00,M03,43.59,22.14,12.66,421.25823529411764,78.55
2026-01-01 20:25:00,M01,37.85,27.92,14.34,73.04,43.49
2026-01-01 20:30:00,M01,36.11,21.11,15.89,69.35,32.94
2026-01-01 20:35:00,M03,44.73,18.83,13.0,66.47,108.79
2026-01-01 20:40:00,M02,29.76,17.9,14.9,61.52,42.89
2026-01-01 20:45:00,M01,35.27,12.75,9.07,44.71,87.95
2026-01-01 20:50:00,M01,33.76,13.41,12.84,61.94,84.09
2026-01-01 20:55:00,M01,37.84,19.91,16.71,52.62,107.57
,M04,37.66,16.95,14.4,68.83,76.07
2026-01-01 21:05:00,M03,,20.01,12.94,66.83,139.0
2026-01-01 21:10:00,M02,,17.62,15.12,66.65,130.82
,M01,29.43,16.68,11.24,75.66,126.28
2026-01-01 21:20:00,M02,35.17,14.81,12.08,47.48,56.05
2026-01-01 21:25:00,M01,27.79,17.1,15.4,43.77,148.04
2026-01-01 21:30:00,M01,,28.36,13.83,67.21,88.14
2026-01-01 21:35:00,M02,29.65,18.46,14.6,48.26,146.96
,M02,32.66,18.81,17.02,60.24,129.33
2026-01-01 21:45:00,M02,30.08,19.6,16.11,57.37,132.44
2026-01-01 21:50:00,M03,,23.51,11.03,60.69,111.75
2026-01-01 21:55:00,M02,38.3,21.24,11.49,58.63,42.6
2026-01-01 22:00:00,M02,44.25,19.27,17.23,62.39,144.54
2026-01-01 22:05:00,M02,37.66,19.13,16.17,,72.03
2026-01-01 22:10:00,M02,29.58,18.43,15.62,70.82,142.67
2026-01-01 22:15:00,M02,36.59,12.7,17.83,59.65,134.09
2026-01-01 22:20:00,M02,35.0,17.63,20.14,61.19,126.91
2026-01-01 22:25:00,M02,39.81,27.05,19.05,51.63,21.06
2026-01-01 22:30:00,M01,316.86476190476196,25.71,24.62,61.83,94.96
2026-01-01 22:35:00,M02,37.2,15.8,17.52,64.62,51.72
2026-01-01 22:40:00,M02,42.73,16.07,14.9,58.54,134.47
2026-01-01 22:45:00,M04,,27.49,12.83,59.23,111.2
2026-01-01 22:50:00,M02,30.34,15.44,16.21,52.02,104.33
2026-01-01 22:55:00,M04,28.47,13.88,19.15,40.44,
2026-01-01 23:00:00,M02,26.3,16.77,15.37,59.52,58.44
2026-01-01 23:05:00,M02,38.61,19.25,,51.13,34.02
2026-01-01 23:10:00,M01,28.73,22.07,15.71,57.77,59.7
2026-01-01 23:15:00,M04,32.35,15.79,17.34,76.09,43.86
2026-01-01 23:20:00,M03,,23.19,14.4,62.05,52.84
2026-01-01 23:25:00,M02,43.03,17.33,19.5,52.72,93.62
2026-01-01 23:30:00,M01,32.47,19.15,12.01,52.56,79.2
2026-01-01 23:35:00,M03,45.25,25.9,13.13,67.42,147.53
2026-01-01 23:40:00,M04,33.51,27.24,16.4,51.47,74.4
2026-01-01 23:45:00,M02,45.22,22.68,17.36,43.88,39.73
2026-01-01 23:50:00,M01,,21.15,15.62,61.48,133.73
2026-01-01 23:55:00,M03,35.57,13.56,11.13,77.62,55.93
2026-01-02 00:00:00,M03,33.26,26.32,16.68,60.43,34.02
2026-01-02 00:05:00,M03,39.89,20.35,20.16,59.66,105.65
2026-01-02 00:10:00,M03,32.15,20.51,17.43,49.4,53.33
2026-01-02 00:15:00,M03,39.4,19.68,19.47,47.75,22.08
2026-01-02 00:20:00,M01,38.37,19.49,12.47,61.33,106.27
2026-01-02 00:25:00,M02,44.53,10.27,20.85,71.28,29.41
2026-01-02 00:30:00,M04,27.65,16.9,16.27,61.48,20.29
2026-01-02 00:35:00,M03,38.24,18.67,13.59,59.04,686.7549425287356
2026-01-02 00:40:00,M01,44.82,16.74,13.61,63.31,78.91
2026-01-02 00:45:00,M02,39.27,18.73,18.26,70.12,124.58
2026-01-02 00:50:00,M01,42.9,15.6,20.12,76.32,41.36
2026-01-02 00:55:00,M04,28.67,19.34,14.33,,86.39
2026-01-02 01:00:00,M01,26.16,18.87,19.47,71.18,35.08
2026-01-02 01:05:00,M03,39.51,20.27,17.72,51.99,73.26
2026-01-02 01:10:00,M02,39.59,157.451929092805,15.1,,66.33
2026-01-02 01:15:00,M01,27.73,22.38,14.61,56.28,102.97
2026-01-02 01:20:00,M02,33.69,18.34,19.79,71.98,101.04
2026-01-02 01:25:00,M03,33.1,25.75,15.94,71.59,53.57
2026-01-02 01:30:00,M04,35.04,,21.28,61.41,26.59
,M04,33.4,22.38,11.2,57.24,
2026-01-02 01:40:00,M02,35.33,23.4,12.79,61.62,686.7549425287356
2026-01-02 01:45:00,M03,43.97,12.35,16.77,57.21,114.45
2026-01-02 01:50:00,M04,39.78,19.96,14.0,72.42,142.51
2026-01-02 01:55:00,M01,31.97,18.32,13.19,,100.3
2026-01-02 02:00:00,M02,46.75,22.31,14.58,55.03,134.31
2026-01-02 02:05:00,M02,34.05,19.14,15.81,49.46,120.47
2026-01-02 02:10:00,M03,35.61,17.97,18.0,51.22,51.82
2026-01-02 02:15:00,M03,35.05,14.5,16.41,421.25823529411764,117.47
2026-01-02 02:20:00,M04,33.49,23.35,14.41,74.14,99.22
2026-01-02 02:25:00,M02,34.42,17.67,8.22,59.39,42.08
2026-01-02 02:30:00,M01,24.74,15.31,18.09,50.09,32.23
2026-01-02 02:35:00,M01,31.87,18.17,13.03,69.2,67.67
2026-01-02 02:40:00,M01,,20.14,,51.77,96.14
2026-01-02 02:45:00,M01,36.85,18.63,17.03,56.9,92.37
2026-01-02 02:50:00,M03,34.09,,14.42,57.82,82.55
2026-01-02 02:55:00,M04,41.06,,16.39,51.69,82.24
2026-01-02 03:00:00,M03,32.32,14.44,19.11,65.12,22.14
2026-01-02 03:05:00,M01,38.95,16.41,15.94,59.77,22.81
2026-01-02 03:10:00,M01,43.85,16.47,105.00433823529411,48.95,73.01
2026-01-02 03:15:00,M04,36.52,,16.72,60.19,86.97
2026-01-02 03:20:00,M02,24.75,21.12,13.18,56.2,107.82
2026-01-02 03:25:00,M03,32.36,19.93,15.1,51.88,106.48
2026-01-02 03:30:00,M04,38.14,21.19,13.94,64.87,148.07
2026-01-02 03:35:00,M01,38.16,22.98,105.00433823529411,59.93,70.93
2026-01-02 03:40:00,M01,39.44,11.25,14.97,57.37,36.48
2026-01-02 03:45:00,M02,25.78,,12.92,48.56,59.13
2026-01-02 03:50:00,M04,,17.97,12.8,61.76,119.65
2026-01-02 03:55:00,M04,33.41,17.25,20.24,60.03,51.7
2026-01-02 04:00:00,M01,33.86,16.5,21.51,42.97,126.27
2026-01-02 04:05:00,M02,30.9,11.03,11.73,75.79,686.7549425287356
,M03,40.51,17.8,18.52,70.02,81.0
2026-01-02 04:15:00,M01,37.3,20.2,15.71,59.17,114.91
2026-01-02 04:20:00,M01,38.82,19.79,16.98,67.84,124.16
2026-01-02 04:25:00,M02,41.13,,19.02,56.95,114.42
,M02,29.9,,14.79,57.26,60.66
2026-01-02 04:35:00,M04,40.73,21.27,15.19,65.01,42.09
2026-01-02 04:40:00,M01,40.97,,19.39,421.25823529411764,35.5
2026-01-02 04:45:00,M03,33.65,20.17,14.56,63.02,
2026-01-02 04:50:00,M01,40.98,20.74,13.82,49.52,
2026-01-02 04:55:00,M02,34.19,17.54,11.82,48.99,77.31
2026-01-02 05:00:00,M03,24.96,21.29,12.63,59.89,33.21
,M01,37.09,14.76,14.77,49.23,123.32
2026-01-02 05:10:00,M04,29.71,14.69,15.02,421.25823529411764,
2026-01-02 05:15:00,M03,34.82,19.22,13.71,64.64,42.84
2026-01-02 05:20:00,M02,43.87,24.01,11.24,,
,M04,,19.64,10.11,57.19,130.29
2026-01-02 05:30:00,M04,44.04,19.02,10.97,,36.51
2026-01-02 05:35:00,M04,32.28,13.88,10.46,52.27,125.73
2026-01-02 05:40:00,M02,37.85,157.451929092805,20.21,60.74,129.77
2026-01-02 05:45:00,M02,36.85,22.97,10.17,53.23,120.33
2026-01-02 05:50:00,M01,34.09,14.05,14.04,52.05,65.65
2026-01-02 05:55:00,M04,34.07,24.21,16.34,60.85,53.35
2026-01-02 06:00:00,M03,28.96,17.04,,46.84,88.24
2026-01-02 06:05:00,M03,38.19,20.14,14.65,58.49,
2026-01-02 06:10:00,M04,41.44,26.39,14.86,64.26,
2026-01-02 06:15:00,M02,20.93,14.7,19.17,50.99,74.34
2026-01-02 06:20:00,,40.14,19.78,17.97,52.86,47.4
2026-01-02 06:25:00,M02,28.47,16.61,15.65,66.03,94.13
2026-01-02 06:30:00,M02,41.1,,13.67,44.7,89.89
2026-01-02 06:35:00,M04,28.94,17.55,18.8,68.79,138.09
2026-01-02 06:40:00,M04,36.09,14.5,15.19,47.13,
2026-01-02 06:45:00,M01,,19.82,13.28,62.11,120.03
2026-01-02 06:50:00,M04,30.54,24.76,11.86,59.04,75.53
2026-01-02 06:55:00,M02,42.32,19.54,15.06,57.48,126.92
2026-01-02 07:00:00,M03,38.52,14.85,21.47,63.99,60.26
2026-01-02 07:05:00,M04,38.2,14.96,16.74,54.22,147.13
2026-01-02 07:10:00,M01,34.85,157.451929092805,16.25,57.58,126.04
2026-01-02 07:15:00,M01,36.1,157.451929092805,15.4,61.31,20.57
2026-01-02 07:20:00,M02,43.99,,15.09,53.53,126.33
2026-01-02 07:25:00,M04,34.23,9.93,,58.36,89.94
2026-01-02 07:30:00,M01,35.09,15.43,17.81,50.71,95.41
2026-01-02 07:35:00,M02,41.64,21.28,10.85,58.34,149.78
2026-01-02 07:40:00,M02,34.79,29.41,19.29,51.07,
,M04,32.59,10.71,15.83,65.15,686.7549425287356
2026-01-02 07:50:00,M04,33.45,23.26,16.07,58.36,118.03
2026-01-02 07:55:00,M04,33.95,16.85,17.82,50.21,45.94
2026-01-02 08:00:00,M02,28.48,18.25,,47.59,141.54
2026-01-02 08:05:00,M02,25.3,19.35,15.16,59.92,54.29
2026-01-02 08:10:00,M03,34.8,23.68,11.56,61.1,80.03
2026-01-02 08:15:00,M02,37.17,21.07,6.91,53.45,125.67
2026-01-02 08:20:00,M01,40.09,17.88,14.57,,145.35
2026-01-02 08:25:00,M02,28.77,17.94,14.94,69.61,40.42
2026-01-02 08:30:00,M04,43.91,20.2,16.88,69.76,
2026-01-02 08:35:00,M02,24.06,19.98,11.89,74.06,122.71
2026-01-02 08:40:00,M04,39.57,16.12,18.07,50.72,132.16
2026-01-02 08:45:00,M02,35.2,23.51,105.00433823529411,58.85,98.27
2026-01-02 08:50:00,M03,34.03,,13.61,,42.21
2026-01-02 08:55:00,M02,28.62,21.78,105.00433823529411,51.53,40.43
2026-01-02 09:00:00,M02,33.95,20.8,,61.57,79.88
2026-01-02 09:05:00,M01,33.21,24.8,19.08,45.06,45.21
2026-01-02 09:10:00,M03,41.3,21.21,18.84,74.86,65.08
2026-01-02 09:15:00,M04,30.85,17.51,18.51,51.4,123.26
2026-01-02 09:20:00,M01,31.38,27.78,16.35,48.18,
2026-01-02 09:25:00,M02,37.5,,18.76,58.44,59.48
2026-01-02 09:30:00,M01,32.97,20.58,14.42,60.76,71.56
,M04,29.02,23.45,18.04,66.97,49.57
2026-01-02 09:40:00,M04,23.9,22.24,21.09,62.7,112.09
2026-01-02 09:45:00,M01,45.39,16.48,10.72,66.1,80.94
2026-01-02 09:50:00,,36.25,21.96,10.73,69.02,143.06
2026-01-02 09:55:00,M04,44.33,,14.15,53.24,64.18
,M03,36.39,22.42,17.04,,140.32
2026-01-02 10:05:00,M04,40.73,,13.22,60.52,93.87
2026-01-02 10:10:00,M03,45.37,17.95,16.19,66.26,90.04
2026-01-02 10:15:00,M04,41.0,23.33,15.62,,50.53
2026-01-02 10:20:00,M01,44.64,157.451929092805,15.73,54.25,143.21
2026-01-02 10:25:00,M03,43.85,20.1,11.1,60.13,61.38
2026-01-02 10:30:00,M01,29.78,20.28,21.89,63.97,91.06
2026-01-02 10:35:00,M01,34.36,17.46,16.65,,142.13
2026-01-02 10:40:00,M04,42.74,28.0,17.18,64.45,130.58
2026-01-02 10:45:00,M02,31.22,16.9,17.83,69.8,60.14
2026-01-02 10:50:00,,35.09,12.0,17.95,57.38,124.67
2026-01-02 10:55:00,M02,34.78,23.63,14.14,57.11,108.5
2026-01-02 11:00:00,M04,34.72,18.29,18.44,67.69,24.34
2026-01-02 11:05:00,M01,37.07,25.43,15.19,67.41,84.07
2026-01-02 11:10:00,,34.89,19.0,19.11,65.21,74.92
2026-01-02 11:15:00,M03,31.41,19.76,13.5,62.53,105.66
2026-01-02 11:20:00,M02,316.86476190476196,30.75,14.2,61.04,111.37
2026-01-02 11:25:00,M01,,19.41,16.45,56.17,111.59
2026-01-02 11:30:00,M02,42.48,20.25,12.67,66.17,79.79
2026-01-02 11:35:00,M04,34.16,24.07,12.34,65.17,143.15
2026-01-02 11:40:00,M02,38.65,20.54,13.16,,
2026-01-02 11:45:00,M03,33.68,19.03,17.96,72.97,104.35
2026-01-02 11:50:00,M02,23.62,18.44,18.18,,77.08
2026-01-02 11:55:00,M03,38.59,16.41,15.83,69.35,50.23
2026-01-02 12:00:00,M02,45.47,18.07,12.45,66.08,37.77
2026-01-02 12:05:00,M04,35.93,22.99,13.69,65.73,80.12
2026-01-02 12:10:00,M04,38.78,23.81,15.32,67.67,59.69
2026-01-02 12:15:00,M02,36.03,17.32,12.82,52.04,48.5
2026-01-02 12:20:00,M01,34.98,24.53,17.94,69.62,24.72
2026-01-02 12:25:00,M01,44.03,22.98,15.84,52.68,60.66
2026-01-02 12:30:00,M03,39.57,18.46,18.31,49.7,141.15
2026-01-02 12:35:00,M03,33.52,22.51,14.76,62.96,686.7549425287356
2026-01-02 12:40:00,M01,29.95,25.23,22.72,,51.38
2026-01-02 12:45:00,M03,46.21,20.96,16.24,66.83,146.85
2026-01-02 12:50:00,M01,36.15,19.87,9.4,67.25,104.65
2026-01-02 12:55:00,M02,40.49,16.46,16.05,66.1,85.92
2026-01-02 13:00:00,M03,28.37,18.52,13.05,58.69,141.35
2026-01-02 13:05:00,M02,21.73,19.75,20.82,56.08,
2026-01-02 13:10:00,M01,29.49,,12.52,50.08,89.21
2026-01-02 13:15:00,M03,38.8,15.9,19.79,65.21,20.92
2026-01-02 13:20:00,M03,31.48,,11.17,57.4,73.83
2026-01-02 13:25:00,M03,28.2,17.88,13.42,69.42,123.96
2026-01-02 13:30:00,M03,35.11,12.52,11.78,62.4,57.04
2026-01-02 13:35:00,M02,34.69,,15.93,61.93,27.07
2026-01-02 13:40:00,M03,40.71,18.19,19.21,47.64,99.06
2026-01-02 13:45:00,M03,,20.47,12.46,58.89,136.94
,M04,43.07,21.32,10.64,59.9,148.54
2026-01-02 13:55:00,M03,40.79,22.26,16.79,40.82,34.9
2026-01-02 14:00:00,M03,29.92,18.78,14.19,58.84,145.06
2026-01-02 14:05:00,M04,45.64,19.09,12.65,59.89,69.88
2026-01-02 14:10:00,M01,44.12,15.02,14.13,59.29,116.92
,,34.43,17.91,17.26,53.26,46.54
2026-01-02 14:20:00,M01,41.54,16.49,18.32,67.66,107.44
2026-01-02 14:25:00,M04,46.73,22.17,12.85,58.76,
2026-01-02 14:30:00,M04,39.46,28.92,16.93,45.21,56.69
2026-01-02 14:35:00,M02,35.42,21.54,13.81,51.01,77.92
2026-01-02 14:40:00,M03,,24.59,14.48,75.44,73.9
2026-01-02 14:45:00,M03,,22.92,14.11,57.87,105.15
2026-01-02 14:50:00,M01,41.55,14.08,12.9,42.86,147.03
2026-01-02 14:55:00,M04,39.09,20.06,19.52,62.0,94.11
2026-01-02 15:00:00,M02,32.7,15.41,9.82,50.63,90.77
,M04,27.63,13.88,16.17,69.92,63.94
2026-01-02 15:10:00,M03,26.6,23.98,18.74,49.29,108.11
2026-01-02 15:15:00,M04,30.94,25.92,10.12,49.94,129.99
2026-01-02 15:20:00,M02,35.34,6.57,,68.7,32.83
,M04,39.35,17.49,15.53,51.49,51.38
2026-01-02 15:30:00,M02,42.38,20.66,18.98,64.15,97.1
2026-01-02 15:35:00,M02,39.64,157.451929092805,10.69,55.08,30.92
2026-01-02 15:40:00,M02,42.49,20.72,21.47,58.42,65.2
2026-01-02 15:45:00,M01,35.98,20.57,14.92,62.99,82.34
2026-01-02 15:50:00,M03,34.79,157.451929092805,19.36,66.42,124.75
2026-01-02 15:55:00,M03,35.95,23.27,19.42,72.6,88.46
2026-01-02 16:00:00,M03,26.74,22.25,9.75,51.83,69.41
2026-01-02 16:05:00,M02,41.48,18.73,13.38,53.78,39.16
2026-01-02 16:10:00,M02,31.37,23.87,18.54,61.11,46.32
2026-01-02 16:15:00,M04,32.12,157.451929092805,14.17,62.49,87.36
2026-01-02 16:20:00,M02,33.26,23.93,17.68,50.21,124.61
2026-01-02 16:25:00,M02,45.57,19.4,13.83,54.71,71.88
,M01,30.02,16.67,15.6,52.24,49.61
2026-01-02 16:35:00,M02,35.48,15.24,11.29,56.0,69.27
2026-01-02 16:40:00,M02,34.72,24.31,14.58,421.25823529411764,27.19
2026-01-02 16:45:00,M02,32.92,18.88,12.12,63.71,89.01
2026-01-02 16:50:00,M02,39.17,,15.25,69.97,29.66
2026-01-02 16:55:00,M04,26.65,16.01,15.93,63.41,130.49
2026-01-02 17:00:00,M01,42.77,18.08,21.21,48.94,119.22
2026-01-02 17:05:00,M02,35.28,25.06,,60.57,111.43
2026-01-02 17:10:00,M03,35.81,23.26,11.64,60.63,142.86
2026-01-02 17:15:00,M02,,21.43,16.53,421.25823529411764,135.59
2026-01-02 17:20:00,M01,41.63,19.21,10.93,55.3,20.35
2026-01-02 17:25:00,M02,,13.9,13.65,65.16,121.3
2026-01-02 17:30:00,M03,23.63,31.04,15.68,51.83,96.09
2026-01-02 17:35:00,M04,35.25,17.89,11.14,66.69,76.62
2026-01-02 17:40:00,M02,34.18,157.451929092805,13.23,54.55,57.33
2026-01-02 17:45:00,M01,31.5,20.16,13.24,59.17,45.5
2026-01-02 17:50:00,M02,36.96,26.61,11.08,49.71,134.71
2026-01-02 17:55:00,M01,37.84,20.31,20.07,60.1,67.2
2026-01-02 18:00:00,M02,33.45,18.83,13.54,60.55,78.26
2026-01-02 18:05:00,M02,36.7,12.44,11.26,53.23,112.69
2026-01-02 18:10:00,M04,41.82,18.81,,57.09,122.16
2026-01-02 18:15:00,M04,45.06,20.08,19.41,61.37,101.3
2026-01-02 18:20:00,M02,30.78,16.94,14.86,,74.54
2026-01-02 18:25:00,M01,41.62,,10.67,60.7,28.33
2026-01-02 18:30:00,M03,33.11,17.09,19.58,78.46,99.52
2026-01-02 18:35:00,M04,29.58,17.0,14.07,64.05,130.02
2026-01-02 18:40:00,M02,,19.88,13.24,68.34,25.92
2026-01-02 18:45:00,M01,29.81,17.28,13.03,421.25823529411764,65.92
2026-01-02 18:50:00,M02,,157.451929092805,16.47,57.38,52.19
2026-01-02 18:55:00,M02,33.59,20.92,12.83,65.95,90.24
2026-01-02 19:00:00,M04,31.7,17.56,13.72,63.05,21.41
2026-01-02 19:05:00,M01,36.21,22.0,10.67,71.75,134.73
2026-01-02 19:10:00,M02,35.89,15.72,11.01,,122.92
2026-01-02 19:15:00,M04,39.75,16.58,17.75,48.4,33.54
2026-01-02 19:20:00,M01,25.24,17.6,14.53,56.14,136.02
2026-01-02 19:25:00,M01,33.48,21.02,12.03,42.65,119.76
2026-01-02 19:30:00,M02,24.34,18.9,13.76,68.28,144.36
2026-01-02 19:35:00,M02,37.4,16.63,105.00433823529411,43.75,53.62
2026-01-02 19:40:00,M01,40.39,18.48,11.03,66.11,131.18
2026-01-02 19:45:00,M01,33.54,19.19,105.00433823529411,61.76,686.7549425287356
2026-01-02 19:50:00,M04,31.7,24.67,14.2,73.13,110.52
2026-01-02 19:55:00,M03,28.37,22.64,8.87,63.94,29.34
2026-01-02 20:00:00,M01,42.66,14.9,14.39,81.18,112.85
2026-01-02 20:05:00,M02,40.31,24.06,,43.43,39.73
2026-01-02 20:10:00,M01,,15.15,,421.25823529411764,
2026-01-02 20:15:00,M02,39.42,23.68,16.48,80.17,77.16
2026-01-02 20:20:00,M03,36.62,157.451929092805,17.01,47.69,37.5
2026-01-02 20:25:00,M01,47.44,17.5,12.09,69.5,94.28
2026-01-02 20:30:00,M02,39.81,22.54,16.74,56.1,23.21
2026-01-02 20:35:00,M02,32.01,19.91,13.84,,50.84
2026-01-02 20:40:00,M02,25.31,19.86,19.53,66.08,57.99
2026-01-02 20:45:00,M04,19.98,17.1,17.18,49.35,148.97
2026-01-02 20:50:00,M02,33.14,,14.93,64.12,123.28
2026-01-02 20:55:00,M03,38.64,13.32,14.05,421.25823529411764,60.57
,M02,40.71,11.5,12.76,64.79,67.44
2026-01-02 21:05:00,M01,33.84,22.09,13.57,63.51,76.98
2026-01-02 21:10:00,M03,28.58,20.26,9.64,83.19,122.55
2026-01-02 21:15:00,M02,26.9,18.85,15.45,54.71,108.51
2026-01-02 21:20:00,M03,,21.59,12.58,60.66,90.42
2026-01-02 21:25:00,M01,35.9,19.81,15.25,421.25823529411764,78.11
2026-01-02 21:30:00,M03,20.55,22.1,,70.97,53.06
2026-01-02 21:35:00,M04,35.1,23.03,16.07,61.13,78.95
2026-01-02 21:40:00,,40.48,11.89,16.57,68.09,120.93
2026-01-02 21:45:00,M03,35.88,8.86,16.04,68.62,78.2
2026-01-02 21:50:00,,35.0,20.27,15.71,60.37,88.11
,M02,36.63,20.52,8.16,56.22,64.01
2026-01-02 22:00:00,M02,37.93,19.47,15.24,59.81,83.11
2026-01-02 22:05:00,M02,30.95,16.58,12.85,70.13,118.79
2026-01-02 22:10:00,M01,43.91,157.451929092805,14.59,63.23,139.87
2026-01-02 22:15:00,M01,38.38,19.2,,63.39,84.46
2026-01-02 22:20:00,M04,316.86476190476196,18.08,,80.2,39.25
2026-01-02 22:25:00,M03,35.52,23.03,13.26,68.87,120.65
2026-01-02 22:30:00,,32.73,20.69,15.93,56.74,118.64
2026-01-02 22:35:00,M04,43.65,19.82,18.19,54.0,107.86
,M02,42.91,24.01,14.74,53.14,95.82
2026-01-02 22:45:00,M04,35.28,22.39,21.09,68.43,61.66
2026-01-02 22:50:00,M01,38.32,20.39,12.87,50.29,117.26
2026-01-02 22:55:00,M03,47.99,16.17,19.05,60.16,147.93
2026-01-02 23:00:00,M01,38.0,23.45,12.53,68.16,81.0
2026-01-02 23:05:00,M03,26.88,22.37,14.65,,41.16
2026-01-02 23:10:00,M03,39.22,18.22,12.94,72.28,49.25
2026-01-02 23:15:00,M02,25.23,21.06,14.06,44.1,53.43
,M03,29.35,15.18,17.16,64.73,102.69
2026-01-02 23:25:00,M03,34.49,11.41,14.91,58.43,119.7
2026-01-02 23:30:00,,36.49,22.85,14.2,62.18,65.42
2026-01-02 23:35:00,M04,41.53,18.32,18.97,63.33,115.12
2026-01-02 23:40:00,M03,47.11,15.73,11.87,59.31,31.44
2026-01-02 23:45:00,M01,,21.03,11.34,60.98,136.63
2026-01-02 23:50:00,,36.86,,10.16,55.71,28.8
2026-01-02 23:55:00,,39.09,157.451929092805,14.48,59.05,124.31
2026-01-03 00:00:00,M04,,11.11,14.7,59.67,112.33
2026-01-03 00:05:00,M01,29.83,19.67,105.00433823529411,44.34,103.9
2026-01-03 00:10:00,M03,32.03,23.6,11.22,58.51,27.9
2026-01-03 00:15:00,,34.48,18.13,13.84,56.03,87.51
2026-01-03 00:20:00,M02,29.06,21.79,17.98,64.09,35.95
2026-01-03 00:25:00,M04,32.85,23.49,20.78,65.06,77.12
2026-01-03 00:30:00,M03,38.0,20.93,18.13,72.08,42.06
2026-01-03 00:35:00,M04,38.47,22.51,,73.62,40.1
2026-01-03 00:40:00,M03,31.69,16.87,12.89,50.29,94.39
2026-01-03 00:45:00,,30.01,20.92,16.43,72.27,56.9
2026-01-03 00:50:00,M01,25.66,17.55,16.76,40.0,120.2
2026-01-03 00:55:00,M01,37.61,18.0,12.35,60.07,52.86
2026-01-03 01:00:00,M03,36.62,,16.2,61.2,63.65
2026-01-03 01:05:00,,31.27,24.38,13.06,65.55,96.93
2026-01-03 01:10:00,M04,24.68,22.78,12.8,57.04,21.08
2026-01-03 01:15:00,,,12.31,11.66,62.08,129.41
2026-01-03 01:20:00,M04,37.34,24.36,14.22,58.37,31.91
2026-01-03 01:25:00,M03,30.33,25.6,,72.43,23.5
2026-01-03 01:30:00,M02,28.46,19.79,105.00433823529411,60.5,120.51
2026-01-03 01:35:00,M02,45.64,20.7,13.66,,123.97
2026-01-03 01:40:00,M03,34.57,22.31,13.37,52.91,102.81
2026-01-03 01:45:00,M01,29.77,26.45,15.34,70.01,128.1
2026-01-03 01:50:00,M02,38.32,15.27,13.42,52.64,139.24
2026-01-03 01:55:00,M02,27.23,20.28,10.93,67.48,49.18
2026-01-03 02:00:00,M02,35.14,17.67,15.88,60.97,78.41
2026-01-03 02:05:00,M04,37.59,25.76,13.61,62.59,686.7549425287356
2026-01-03 02:10:00,M04,36.16,21.8,15.18,79.4,41.89
2026-01-03 02:15:00,M01,34.87,16.67,16.82,56.06,54.49
2026-01-03 02:20:00,M03,32.42,23.6,16.28,68.22,73.18
2026-01-03 02:25:00,M04,32.14,19.21,12.29,62.7,33.21
2026-01-03 02:30:00,M02,43.36,23.04,14.88,75.63,118.38
2026-01-03 02:35:00,M01,30.97,10.24,12.88,74.34,99.15
2026-01-03 02:40:00,M04,33.27,20.77,16.38,71.38,139.96
2026-01-03 02:45:00,M01,23.64,17.49,16.12,63.61,24.06
2026-01-03 02:50:00,M02,46.02,29.45,12.06,48.09,104.56
2026-01-03 02:55:00,M01,34.08,12.4,12.84,59.63,122.08
2026-01-03 03:00:00,M02,37.17,20.67,12.6,45.3,86.36
2026-01-03 03:05:00,M01,45.1,19.49,16.26,50.32,145.56
2026-01-03 03:10:00,M03,31.44,17.1,17.54,55.92,24.98
2026-01-03 03:15:00,M01,28.73,18.29,17.8,65.9,88.16
2026-01-03 03:20:00,M03,37.92,19.24,,50.53,60.68
2026-01-03 03:25:00,M03,36.66,13.6,10.35,50.69,
2026-01-03 03:30:00,M02,46.07,19.24,13.63,37.27,144.41
2026-01-03 03:35:00,M01,36.53,18.02,16.73,72.69,32.6
2026-01-03 03:40:00,M04,39.38,20.93,11.73,59.87,71.11
2026-01-03 03:45:00,M03,35.97,20.75,17.3,68.1,48.69
,M02,30.08,21.1,9.04,64.44,127.89
2026-01-03 03:55:00,M04,26.45,13.81,18.76,,138.53
2026-01-03 04:00:00,M01,39.58,19.38,14.89,62.34,135.11
2026-01-03 04:05:00,M03,316.86476190476196,19.29,18.31,67.87,66.41
2026-01-03 04:10:00,M01,38.45,19.76,15.56,54.01,
2026-01-03 04:15:00,M01,35.33,18.19,14.39,65.75,107.92
2026-01-03 04:20:00,M04,34.5,13.43,16.1,57.87,141.04
2026-01-03 04:25:00,M02,33.06,17.24,,66.25,28.03
2026-01-03 04:30:00,M02,316.86476190476196,21.59,11.14,58.97,27.47
2026-01-03 04:35:00,M04,37.45,12.2,17.02,72.33,72.46
2026-01-03 04:40:00,M02,32.85,18.34,17.43,75.03,74.4
2026-01-03 04:45:00,M01,35.0,24.77,14.51,68.45,84.07
2026-01-03 04:50:00,M04,43.6,20.46,12.68,,84.91
2026-01-03 04:55:00,M03,38.29,20.54,12.29,67.21,80.35
2026-01-03 05:00:00,M04,33.59,,10.1,50.11,121.74
2026-01-03 05:05:00,M04,32.89,19.46,13.12,54.26,119.42
2026-01-03 05:10:00,M04,31.32,15.32,15.05,77.2,117.59
2026-01-03 05:15:00,M01,29.97,16.19,13.11,52.32,62.45
2026-01-03 05:20:00,M04,37.54,15.63,14.21,59.97,22.39
2026-01-03 05:25:00,M01,25.33,23.92,9.94,44.06,126.92
2026-01-03 05:30:00,M02,37.55,14.15,17.07,57.52,140.53
2026-01-03 05:35:00,M01,45.84,19.99,16.12,70.25,94.63
2026-01-03 05:40:00,M03,41.36,20.94,9.86,66.01,35.66
2026-01-03 05:45:00,M02,28.44,,16.48,61.11,40.53
2026-01-03 05:50:00,M04,47.4,20.57,17.51,48.05,131.38
,M01,39.64,15.71,14.99,67.78,106.18
2026-01-03 06:00:00,M03,28.37,19.86,15.41,68.72,51.99
2026-01-03 06:05:00,M04,26.23,22.52,13.08,61.69,44.24
2026-01-03 06:10:00,M01,31.21,14.28,17.74,62.49,57.97
2026-01-03 06:15:00,M02,35.34,23.63,13.96,57.33,60.04
2026-01-03 06:20:00,M01,38.07,19.94,13.01,59.02,126.26
2026-01-03 06:25:00,M03,31.97,20.48,11.64,,136.63
2026-01-03 06:30:00,,32.44,21.23,14.85,70.57,52.72
2026-01-03 06:35:00,M03,37.1,14.82,13.96,66.32,44.95
2026-01-03 06:40:00,M01,30.91,18.33,11.48,60.77,91.89
2026-01-03 06:45:00,M03,35.85,13.61,16.54,56.21,93.78
2026-01-03 06:50:00,M01,39.74,18.02,19.0,71.19,49.49
2026-01-03 06:55:00,M01,34.67,14.9,17.22,66.37,126.35
2026-01-03 07:00:00,M01,43.34,,16.81,67.06,139.61
2026-01-03 07:05:00,M03,34.41,17.98,12.82,67.58,30.58
2026-01-03 07:10:00,M04,29.19,18.51,,64.19,118.73
2026-01-03 07:15:00,M01,46.61,20.29,12.44,57.75,85.2
2026-01-03 07:20:00,M01,39.34,20.96,16.73,41.79,45.43
2026-01-03 07:25:00,,35.55,22.74,13.05,51.57,75.8
2026-01-03 07:30:00,M01,35.33,15.28,18.54,44.73,85.8
2026-01-03 07:35:00,M01,316.86476190476196,14.25,13.16,63.16,96.17
,M04,35.47,17.87,16.29,67.65,24.39
2026-01-03 07:45:00,M03,31.2,27.61,21.38,61.97,110.56
2026-01-03 07:50:00,M02,42.42,21.9,21.25,49.59,86.12
2026-01-03 07:55:00,M02,37.58,24.75,13.24,56.29,103.18
2026-01-03 08:00:00,M02,36.24,14.16,19.64,63.84,130.48
,M04,32.11,12.0,14.87,53.32,93.52
2026-01-03 08:10:00,M02,35.71,25.23,14.45,60.75,686.7549425287356
,M03,26.97,25.12,15.61,62.07,123.1
2026-01-03 08:20:00,M01,,23.97,105.00433823529411,63.93,101.86
2026-01-03 08:25:00,,32.06,20.6,10.27,50.78,95.59
2026-01-03 08:30:00,M03,31.06,18.47,13.86,71.36,76.18
2026-01-03 08:35:00,M03,46.06,21.12,12.83,63.21,134.36
2026-01-03 08:40:00,M03,39.04,18.91,14.82,57.66,73.75
2026-01-03 08:45:00,M04,,21.36,12.5,59.63,22.7
2026-01-03 08:50:00,M01,41.35,21.08,14.21,74.6,24.39
2026-01-03 08:55:00,M04,24.41,22.49,,55.43,140.32
2026-01-03 09:00:00,M01,29.84,15.0,,54.7,35.44
2026-01-03 09:05:00,M03,37.39,23.02,16.09,60.59,122.3
2026-01-03 09:10:00,M02,34.94,15.3,17.49,48.58,130.49
2026-01-03 09:15:00,,31.14,,10.29,75.4,91.67
2026-01-03 09:20:00,M03,36.57,18.38,13.26,,129.19
2026-01-03 09:25:00,M04,31.81,16.0,14.04,65.4,33.83
2026-01-03 09:30:00,M02,36.12,23.29,17.01,61.3,149.88
2026-01-03 09:35:00,M04,37.86,21.42,13.54,59.57,97.64
2026-01-03 09:40:00,M02,43.54,13.03,13.43,63.87,130.89
2026-01-03 09:45:00,M02,38.33,17.94,10.53,,55.52
2026-01-03 09:50:00,M02,34.02,18.7,18.22,,60.46
2026-01-03 09:55:00,M03,37.53,15.45,15.43,52.83,39.97
2026-01-03 10:00:00,M04,24.49,18.28,12.98,53.2,113.16
2026-01-03 10:05:00,M03,44.24,13.0,19.31,50.4,23.07
2026-01-03 10:10:00,M01,36.78,21.12,17.68,57.55,34.06
2026-01-03 10:15:00,M04,54.14,18.1,17.9,60.74,42.48
2026-01-03 10:20:00,M01,36.78,15.96,10.58,64.75,109.83
2026-01-03 10:25:00,M03,36.92,14.45,16.25,56.63,105.07
2026-01-03 10:30:00,M01,25.81,19.72,12.13,61.72,100.8
2026-01-03 10:35:00,M01,30.59,19.43,15.07,59.29,
,M01,35.0,19.76,10.8,63.53,141.49
2026-01-03 10:45:00,M04,32.66,15.3,14.84,54.32,
2026-01-03 10:50:00,M02,45.74,14.57,14.57,63.9,68.06
2026-01-03 10:55:00,M02,36.5,21.07,17.01,55.03,88.41
2026-01-03 11:00:00,M04,33.93,22.71,13.69,63.39,110.27
2026-01-03 11:05:00,M02,38.71,28.0,14.5,57.34,54.83
2026-01-03 11:10:00,M03,32.98,23.88,13.16,67.15,119.18
2026-01-03 11:15:00,M04,38.32,25.79,14.83,62.33,120.04
,M04,27.5,15.43,14.61,69.44,
2026-01-03 11:25:00,M02,43.98,21.45,,63.94,74.04
2026-01-03 11:30:00,M04,,18.76,13.33,59.27,103.32
2026-01-03 11:35:00,M01,37.82,23.39,18.6,68.7,22.12
2026-01-03 11:40:00,M04,31.92,17.73,13.5,48.1,131.26
2026-01-03 11:45:00,M04,40.77,27.31,19.25,59.85,132.4
2026-01-03 11:50:00,M04,27.17,19.22,18.63,421.25823529411764,85.67
2026-01-03 11:55:00,M03,32.03,23.4,17.92,62.38,22.17
2026-01-03 12:00:00,M03,37.39,14.72,13.24,52.86,686.7549425287356
2026-01-03 12:05:00,M01,34.58,21.01,15.41,66.65,79.17
2026-01-03 12:10:00,M01,28.95,14.42,18.78,71.87,129.27
2026-01-03 12:15:00,M02,33.75,21.01,13.19,59.61,24.45
2026-01-03 12:20:00,M01,32.03,17.83,15.66,56.96,86.02
2026-01-03 12:25:00,M04,31.01,24.82,16.74,63.49,79.74
2026-01-03 12:30:00,M02,44.11,27.53,13.8,52.92,
,M03,30.82,15.94,12.47,56.04,51.64
,M02,28.47,18.98,12.07,56.75,686.7549425287356
2026-01-03 12:45:00,M03,28.67,17.72,19.77,56.05,145.93
2026-01-03 12:50:00,M04,32.19,20.3,18.84,58.05,123.08
2026-01-03 12:55:00,M04,35.78,13.71,18.03,65.81,85.02
2026-01-03 13:00:00,M03,,13.23,105.00433823529411,57.54,94.63
2026-01-03 13:05:00,M02,45.69,22.85,16.62,59.99,94.64
2026-01-03 13:10:00,M03,23.0,14.99,13.83,53.38,111.19
,M01,27.6,,14.2,67.92,63.85
2026-01-03 13:20:00,M04,,16.45,12.14,52.53,107.89
2026-01-03 13:25:00,M03,30.42,16.08,17.38,65.06,53.06
2026-01-03 13:30:00,M02,26.47,16.04,12.83,62.68,124.38
2026-01-03 13:35:00,M03,35.0,16.57,14.89,41.31,142.25
2026-01-03 13:40:00,M02,46.54,18.05,15.55,51.46,92.92
2026-01-03 13:45:00,M04,40.22,22.88,15.19,63.35,29.29
2026-01-03 13:50:00,M02,29.22,21.99,17.63,58.1,112.54
2026-01-03 13:55:00,M04,34.38,13.25,19.42,59.74,140.57
2026-01-03 14:00:00,M04,34.2,24.75,15.07,56.9,142.75
2026-01-03 14:05:00,M02,37.75,19.4,17.46,53.37,138.4
2026-01-03 14:10:00,M03,34.61,24.22,15.38,79.36,93.24
2026-01-03 14:15:00,M01,32.15,16.94,15.21,64.42,139.35
2026-01-03 14:20:00,M03,46.04,29.05,16.15,67.83,54.84
2026-01-03 14:25:00,M02,33.13,18.32,21.5,50.25,38.7
2026-01-03 14:30:00,M04,31.92,157.451929092805,19.36,,81.96
2026-01-03 14:35:00,M02,44.61,20.47,105.00433823529411,,24.02
2026-01-03 14:40:00,M03,36.18,24.81,14.57,52.48,30.04
2026-01-03 14:45:00,M02,36.76,21.3,13.87,60.43,98.18
2026-01-03 14:50:00,,44.5,17.08,14.44,67.4,111.52
2026-01-03 14:55:00,M02,36.2,13.65,17.32,,38.03
,,30.99,17.56,15.05,61.65,64.37
2026-01-03 15:05:00,M04,38.06,17.52,14.42,67.99,125.01
2026-01-03 15:10:00,M02,22.5,24.27,15.67,57.04,46.12
2026-01-03 15:15:00,,48.97,16.75,14.76,67.77,135.78
2026-01-03 15:20:00,M03,27.32,,14.39,57.34,93.0
2026-01-03 15:25:00,M01,34.86,19.24,18.94,49.54,97.13
2026-01-03 15:30:00,M01,37.34,20.45,13.56,64.83,39.5
2026-01-03 15:35:00,M03,20.71,20.85,11.31,67.22,28.01
2026-01-03 15:40:00,M04,30.57,20.79,15.56,47.48,67.16
2026-01-03 15:45:00,M02,45.61,10.68,13.04,50.89,32.33
2026-01-03 15:50:00,M02,42.41,18.86,14.43,51.59,32.97
2026-01-03 15:55:00,M02,44.26,19.42,18.23,49.43,143.36
,M04,32.93,24.9,17.18,64.03,28.84
2026-01-03 16:05:00,M03,42.62,25.02,14.9,63.26,77.12
2026-01-03 16:10:00,M03,38.5,19.33,13.09,56.42,118.29
2026-01-03 16:15:00,,34.32,20.7,14.09,49.05,57.0
2026-01-03 16:20:00,M04,38.88,20.88,25.8,56.76,84.72
2026-01-03 16:25:00,M03,36.41,21.14,20.41,66.34,66.8
2026-01-03 16:30:00,M02,38.26,24.26,14.45,69.59,
2026-01-03 16:35:00,M02,27.71,19.17,16.17,42.81,99.27
2026-01-03 16:40:00,,40.22,19.3,7.42,48.94,60.15
2026-01-03 16:45:00,M03,22.03,20.37,,67.97,102.12
2026-01-03 16:50:00,M02,30.96,21.92,17.41,73.1,20.4
2026-01-03 16:55:00,M04,25.46,16.99,14.13,64.43,107.23
2026-01-03 17:00:00,,47.7,19.69,15.35,421.25823529411764,121.62
2026-01-03 17:05:00,M03,58.16,17.88,15.18,52.47,20.89
2026-01-03 17:10:00,M02,46.86,21.09,17.73,60.01,105.89
2026-01-03 17:15:00,M01,42.36,17.63,9.85,56.6,91.47
2026-01-03 17:20:00,M03,29.3,23.33,12.71,59.42,686.7549425287356
2026-01-03 17:25:00,M04,28.52,15.55,16.3,59.45,45.74
,M03,36.17,18.49,12.65,65.36,144.47
2026-01-03 17:35:00,M02,33.72,15.28,18.67,54.02,82.61
2026-01-03 17:40:00,M04,29.42,19.25,14.31,62.58,79.53
2026-01-03 17:45:00,M01,34.77,22.74,9.66,52.56,130.06
2026-01-03 17:50:00,M01,23.2,18.84,13.68,57.06,69.75
2026-01-03 17:55:00,M02,30.88,16.57,19.12,58.58,124.74
2026-01-03 18:00:00,M04,29.28,12.18,10.29,421.25823529411764,93.78
2026-01-03 18:05:00,M04,38.47,11.46,15.81,48.43,47.4
2026-01-03 18:10:00,,27.7,17.28,16.19,50.72,65.6
2026-01-03 18:15:00,M02,32.46,21.52,,56.81,22.99
2026-01-03 18:20:00,M02,,13.4,13.94,69.26,77.19
2026-01-03 18:25:00,M01,36.83,18.97,14.75,56.11,141.76
2026-01-03 18:30:00,M03,36.55,14.95,14.47,40.93,102.15
2026-01-03 18:35:00,M01,31.43,19.14,17.26,64.72,95.13
2026-01-03 18:40:00,M04,38.31,21.23,15.22,61.52,133.06
2026-01-03 18:45:00,M03,28.07,13.84,19.23,55.01,35.89
2026-01-03 18:50:00,M03,,16.63,15.5,60.91,123.53
2026-01-03 18:55:00,M03,33.42,18.03,15.45,70.62,110.68
2026-01-03 19:00:00,M04,43.94,24.37,17.6,58.82,88.83
2026-01-03 19:05:00,M01,42.6,21.55,10.64,55.7,70.07
2026-01-03 19:10:00,M03,22.5,21.59,14.56,54.96,24.61
,M02,38.32,21.52,13.96,56.43,100.34
2026-01-03 19:20:00,M02,36.53,21.79,12.69,54.01,94.01
2026-01-03 19:25:00,M03,38.52,13.44,14.27,59.99,57.01
2026-01-03 19:30:00,,29.19,9.13,20.8,72.58,55.69
2026-01-03 19:35:00,M04,51.66,14.18,12.38,56.27,66.49
2026-01-03 19:40:00,M03,31.31,17.43,,50.76,76.34
2026-01-03 19:45:00,M04,35.47,21.54,21.41,49.31,115.95
2026-01-03 19:50:00,M02,48.3,20.07,15.71,,86.6
2026-01-03 19:55:00,M02,34.2,15.82,18.83,54.84,39.53
2026-01-03 20:00:00,M03,31.62,20.63,17.68,53.9,
,M04,,10.73,14.61,60.84,82.3
2026-01-03 20:10:00,M01,33.17,21.33,17.96,73.95,136.65
2026-01-03 20:15:00,M02,35.71,17.47,17.31,63.74,99.69
2026-01-03 20:20:00,M04,26.96,28.15,20.01,65.85,93.99
2026-01-03 20:25:00,M01,29.06,15.95,14.41,72.84,63.45
2026-01-03 20:30:00,M04,36.5,13.35,12.5,47.49,146.26
2026-01-03 20:35:00,M02,31.93,24.79,16.17,68.61,147.83
,M02,27.51,14.25,15.43,69.15,67.17
2026-01-03 20:45:00,M03,31.51,19.64,12.67,53.66,122.64
2026-01-03 20:50:00,M04,31.98,,17.13,64.74,55.09
2026-01-03 20:55:00,M02,35.13,22.65,16.58,47.75,99.79
2026-01-03 21:00:00,M04,35.39,16.86,14.11,54.27,107.21
,M03,38.38,18.82,16.81,73.32,147.97
2026-01-03 21:10:00,M02,28.15,22.29,15.62,57.39,57.47
2026-01-03 21:15:00,,29.61,13.48,13.99,,111.77
2026-01-03 21:20:00,M01,28.69,22.16,16.89,51.84,51.91
2026-01-03 21:25:00,M03,30.96,22.53,14.69,60.33,24.7
2026-01-03 21:30:00,,31.1,21.82,16.64,51.13,57.05
2026-01-03 21:35:00,M04,26.79,20.78,19.0,53.15,122.23
2026-01-03 21:40:00,,45.63,16.84,12.68,70.91,141.8
2026-01-03 21:45:00,M03,35.97,16.94,17.75,51.5,23.4
2026-01-03 21:50:00,M04,30.43,20.25,14.98,41.56,
2026-01-03 21:55:00,M04,32.53,,14.78,56.45,68.08
2026-01-03 22:00:00,M01,,17.45,18.09,67.49,78.83
2026-01-03 22:05:00,M02,33.98,23.19,16.27,51.06,140.66
,M04,31.19,22.7,105.00433823529411,55.29,22.71
2026-01-03 22:15:00,M03,316.86476190476196,23.75,16.33,75.36,130.37
2026-01-03 22:20:00,M04,35.33,28.99,15.76,66.82,86.88
2026-01-03 22:25:00,M04,34.77,26.89,16.23,55.12,47.92
2026-01-03 22:30:00,M03,44.28,,14.7,61.25,686.7549425287356
2026-01-03 22:35:00,M03,48.8,19.15,14.28,61.28,26.5
2026-01-03 22:40:00,M02,35.48,16.48,14.27,48.43,52.0
2026-01-03 22:45:00,M04,37.06,25.08,,54.95,146.7
2026-01-03 22:50:00,M02,25.36,18.57,,64.11,123.74
2026-01-03 22:55:00,M03,,18.99,13.39,50.76,145.11
2026-01-03 23:00:00,M01,41.48,19.95,14.08,58.63,40.18
2026-01-03 23:05:00,M01,22.78,19.63,14.94,43.48,91.39
2026-01-03 23:10:00,M02,25.69,14.97,19.31,,141.17
2026-01-03 23:15:00,M04,48.44,25.99,9.88,78.97,105.82
2026-01-03 23:20:00,M02,316.86476190476196,27.36,12.9,62.04,22.6
2026-01-03 23:25:00,M04,37.86,17.54,15.83,55.39,29.06
2026-01-03 23:30:00,M01,37.38,25.64,6.58,40.56,74.84
2026-01-03 23:35:00,M01,38.68,18.13,14.67,64.38,
2026-01-03 23:40:00,M02,39.26,25.53,13.71,66.21,
2026-01-03 23:45:00,M04,40.01,24.6,13.69,62.61,121.43
2026-01-03 23:50:00,,34.77,16.37,14.79,69.43,37.18
2026-01-03 23:55:00,M04,32.73,21.14,105.00433823529411,63.25,31.63
2026-01-04 00:00:00,M04,,23.38,11.45,,132.7
2026-01-04 00:05:00,,,26.74,16.69,45.9,78.47
2026-01-04 00:10:00,M01,32.12,27.56,14.09,62.21,
2026-01-04 00:15:00,M01,31.0,25.7,19.19,50.07,136.82
2026-01-04 00:20:00,,36.77,19.86,17.79,64.16,113.65
2026-01-04 00:25:00,,36.14,21.05,14.39,72.56,41.31
2026-01-04 00:30:00,M03,27.06,20.13,17.67,73.83,98.82
2026-01-04 00:35:00,M02,29.49,16.1,11.27,45.53,81.01
,M03,36.83,21.42,11.58,68.94,53.31
2026-01-04 00:45:00,M04,23.96,18.38,19.2,64.27,96.84
2026-01-04 00:50:00,M03,35.56,,13.67,61.23,77.23
2026-01-04 00:55:00,M04,31.6,15.44,17.89,57.58,93.01
2026-01-04 01:00:00,M01,34.91,18.99,14.02,47.36,58.09
2026-01-04 01:05:00,M03,40.0,15.59,16.8,,114.28
2026-01-04 01:10:00,M02,,26.76,13.62,65.66,75.46
2026-01-04 01:15:00,M04,34.37,,11.18,63.16,125.71
2026-01-04 01:20:00,,28.38,22.66,17.33,56.43,99.05
2026-01-04 01:25:00,M02,35.87,13.92,19.35,63.84,51.65
2026-01-04 01:30:00,M02,23.58,19.58,10.38,73.14,64.31
2026-01-04 01:35:00,M01,32.7,12.83,15.51,68.39,57.26
2026-01-04 01:40:00,M02,32.92,25.51,14.53,58.83,66.71
2026-01-04 01:45:00,M03,316.86476190476196,19.78,17.66,56.94,42.29
2026-01-04 01:50:00,M01,41.9,22.42,105.00433823529411,58.48,81.83
2026-01-04 01:55:00,M04,28.76,17.56,15.82,52.79,26.38
2026-01-04 02:00:00,M04,35.64,21.88,11.03,66.7,65.23
2026-01-04 02:05:00,M02,42.86,27.07,16.79,64.99,75.5
2026-01-04 02:10:00,M04,33.4,21.56,,53.7,119.32
2026-01-04 02:15:00,M04,39.62,18.83,12.77,421.25823529411764,132.12
2026-01-04 02:20:00,,32.92,18.45,16.02,66.87,120.48
2026-01-04 02:25:00,M03,34.62,13.25,14.03,66.53,30.65
2026-01-04 02:30:00,M02,316.86476190476196,20.01,18.38,64.11,106.04
2026-01-04 02:35:00,M02,,20.55,14.73,,130.8
2026-01-04 02:40:00,M03,36.61,22.83,17.36,69.24,88.76
2026-01-04 02:45:00,M03,,22.56,17.8,44.58,141.61
2026-01-04 02:50:00,M02,38.41,18.6,16.28,52.72,134.87
2026-01-04 02:55:00,M03,35.86,23.17,9.98,66.76,
2026-01-04 03:00:00,M02,,25.85,13.95,65.44,145.33
2026-01-04 03:05:00,M01,19.94,26.69,11.49,,119.5
2026-01-04 03:10:00,M01,33.09,18.04,10.99,55.25,109.17
2026-01-04 03:15:00,M04,23.71,20.29,6.57,68.58,117.86
2026-01-04 03:20:00,M04,40.25,23.19,12.28,66.55,66.53
2026-01-04 03:25:00,M02,43.13,15.36,14.72,57.96,21.08
2026-01-04 03:30:00,M02,35.21,20.37,15.44,40.92,25.71
2026-01-04 03:35:00,M02,44.94,18.39,15.63,53.9,
2026-01-04 03:40:00,M04,30.34,22.88,16.79,59.62,73.3
2026-01-04 03:45:00,M03,41.74,18.35,14.73,73.82,67.11
2026-01-04 03:50:00,M03,,157.451929092805,12.94,68.07,99.65
2026-01-04 03:55:00,M04,31.62,17.06,15.19,,38.2
2026-01-04 04:00:00,M01,45.64,10.0,10.78,65.75,90.71
2026-01-04 04:05:00,M02,42.88,17.42,14.18,65.79,128.64
2026-01-04 04:10:00,M02,35.76,24.68,18.25,56.58,75.31
2026-01-04 04:15:00,M04,31.09,13.62,11.46,71.33,87.34
2026-01-04 04:20:00,M02,,21.0,13.92,51.77,41.38
2026-01-04 04:25:00,M03,27.73,20.38,14.23,62.66,115.8
2026-01-04 04:30:00,M02,28.28,17.39,17.54,54.38,93.05
2026-01-04 04:35:00,M03,30.21,23.57,14.27,51.23,91.75
2026-01-04 04:40:00,M04,44.31,18.97,,49.19,49.33
2026-01-04 04:45:00,M01,33.12,19.19,16.46,60.46,139.25
2026-01-04 04:50:00,M02,35.37,25.73,,62.41,64.77
2026-01-04 04:55:00,M04,25.5,11.28,14.04,67.44,144.96
2026-01-04 05:00:00,M02,43.17,12.42,9.06,57.25,64.42
,M03,27.4,26.35,17.47,60.21,137.04
2026-01-04 05:10:00,M02,46.56,24.57,11.89,66.59,92.61
2026-01-04 05:15:00,M04,40.16,24.07,20.19,60.99,28.33
2026-01-04 05:20:00,M04,35.03,31.47,17.78,54.41,144.06
2026-01-04 05:25:00,M03,,23.33,12.68,,63.24
2026-01-04 05:30:00,M02,34.12,20.96,15.93,69.19,125.82
2026-01-04 05:35:00,M01,32.33,14.55,12.77,67.12,93.54
2026-01-04 05:40:00,M04,39.53,,19.78,64.64,51.75
2026-01-04 05:45:00,M02,37.99,16.95,23.94,69.54,38.23
2026-01-04 05:50:00,M03,31.79,19.37,11.2,64.42,
2026-01-04 05:55:00,M04,50.07,9.0,12.34,81.77,90.85
2026-01-04 06:00:00,M02,32.55,13.37,17.88,47.3,86.05
2026-01-04 06:05:00,M03,316.86476190476196,18.68,16.76,60.65,
2026-01-04 06:10:00,M02,23.12,21.02,11.91,55.29,40.43
2026-01-04 06:15:00,M03,34.65,17.05,14.01,59.6,65.59
2026-01-04 06:20:00,M02,47.83,19.51,15.17,51.08,40.67
2026-01-04 06:25:00,M01,38.34,17.02,13.97,48.13,85.8
2026-01-04 06:30:00,M02,40.08,15.96,13.43,57.1,76.36
2026-01-04 06:35:00,M03,34.77,22.88,10.48,66.83,
2026-01-04 06:40:00,M01,36.9,16.28,20.11,58.77,53.96
2026-01-04 06:45:00,M01,43.76,15.32,16.31,68.14,32.14
2026-01-04 06:50:00,M04,42.32,29.11,20.14,55.82,96.21
2026-01-04 06:55:00,M04,32.86,21.32,13.06,53.5,146.62
2026-01-04 07:00:00,M04,35.24,20.89,14.29,58.13,106.95
2026-01-04 07:05:00,M03,39.29,17.64,16.32,61.92,135.44
2026-01-04 07:10:00,M03,31.16,23.02,11.76,71.76,32.53
2026-01-04 07:15:00,M02,35.59,19.98,18.26,66.0,27.9
2026-01-04 07:20:00,,32.59,15.31,12.61,67.9,119.59
2026-01-04 07:25:00,M03,34.99,26.77,16.38,55.12,79.11
2026-01-04 07:30:00,M02,37.62,13.87,,51.01,127.5
2026-01-04 07:35:00,M02,34.47,22.2,15.33,52.62,82.5
2026-01-04 07:40:00,,39.74,13.8,17.7,61.19,29.7
2026-01-04 07:45:00,M01,40.3,22.22,10.19,54.07,78.99
2026-01-04 07:50:00,M03,37.99,26.21,11.06,76.49,106.59
2026-01-04 07:55:00,M02,37.43,14.27,15.46,63.29,87.15
2026-01-04 08:00:00,M03,39.3,25.75,15.58,48.49,48.23
2026-01-04 08:05:00,M04,41.42,18.45,13.06,58.75,140.14
2026-01-04 08:10:00,M02,25.19,20.39,14.48,59.99,106.5
2026-01-04 08:15:00,M03,30.36,10.75,5.96,52.29,88.44
2026-01-04 08:20:00,,31.68,22.37,17.29,66.0,81.74
2026-01-04 08:25:00,M01,28.53,157.451929092805,18.22,,99.63
2026-01-04 08:30:00,M01,32.49,18.62,15.44,66.08,80.4
2026-01-04 08:35:00,M04,36.37,23.77,12.62,59.92,60.1
2026-01-04 08:40:00,M02,33.79,18.25,15.44,52.0,70.52
2026-01-04 08:45:00,M04,33.46,14.42,15.76,63.1,45.01
2026-01-04 08:50:00,M04,40.3,25.48,12.06,55.34,
2026-01-04 08:55:00,M04,37.62,18.59,19.06,50.93,686.7549425287356
2026-01-04 09:00:00,M01,32.59,18.64,105.00433823529411,59.46,115.48
2026-01-04 09:05:00,M03,31.75,22.67,16.87,,80.22
2026-01-04 09:10:00,M04,30.83,23.08,,67.03,47.93
2026-01-04 09:15:00,M01,47.82,28.27,15.09,421.25823529411764,145.14
2026-01-04 09:20:00,M03,28.78,17.88,15.51,51.82,120.2
2026-01-04 09:25:00,M03,316.86476190476196,16.07,21.05,64.79,120.87
2026-01-04 09:30:00,M02,22.74,21.2,15.55,70.7,101.18
2026-01-04 09:35:00,M01,31.89,22.66,10.06,72.2,56.68
2026-01-04 09:40:00,M04,24.42,20.05,13.39,49.62,43.79
2026-01-04 09:45:00,M02,31.71,20.3,14.42,63.65,34.55
2026-01-04 09:50:00,M03,37.48,21.0,16.5,61.87,101.03
2026-01-04 09:55:00,M04,29.69,19.22,14.91,76.76,43.29
,M04,27.8,17.3,13.88,421.25823529411764,68.76
2026-01-04 10:05:00,M03,40.16,,10.24,58.41,126.56
2026-01-04 10:10:00,M02,38.04,16.58,12.9,67.28,57.69
2026-01-04 10:15:00,M02,35.51,21.46,14.05,64.55,54.54
2026-01-04 10:20:00,M02,23.41,13.77,14.45,71.12,113.25
2026-01-04 10:25:00,M03,37.31,23.47,19.86,48.16,87.69
,M01,,24.86,17.01,64.97,93.11
2026-01-04 10:35:00,,31.89,22.05,12.29,66.8,36.76
2026-01-04 10:40:00,M03,24.64,13.5,16.76,63.38,57.15
2026-01-04 10:45:00,M04,34.5,15.93,11.2,73.42,68.02
2026-01-04 10:50:00,M03,40.7,15.35,11.57,54.5,146.1
2026-01-04 10:55:00,,37.05,14.47,12.92,57.24,
2026-01-04 11:00:00,M01,32.48,18.6,14.75,60.37,131.18
2026-01-04 11:05:00,M03,36.39,25.7,17.18,68.51,36.28
2026-01-04 11:10:00,M04,316.86476190476196,23.98,16.38,67.64,148.41
2026-01-04 11:15:00,,31.77,157.451929092805,16.83,55.32,45.08
2026-01-04 11:20:00,M04,39.1,10.44,18.28,58.42,57.58
2026-01-04 11:25:00,M01,33.41,27.03,17.66,62.43,686.7549425287356
2026-01-04 11:30:00,M04,39.35,26.08,13.46,64.57,66.54
2026-01-04 11:35:00,M02,34.6,,12.98,64.34,104.27
2026-01-04 11:40:00,M02,29.05,12.54,17.03,45.01,686.7549425287356
2026-01-04 11:45:00,M03,20.16,20.52,18.37,74.85,109.22
2026-01-04 11:50:00,M04,316.86476190476196,28.33,16.74,54.21,127.04
2026-01-04 11:55:00,M04,35.3,21.73,17.92,53.87,58.92
2026-01-04 12:00:00,M04,39.53,18.71,16.2,50.73,133.6
2026-01-04 12:05:00,M01,26.65,20.12,19.16,59.94,146.76
2026-01-04 12:10:00,M03,30.23,23.19,13.35,60.08,107.45
2026-01-04 12:15:00,M01,27.27,16.86,17.97,56.25,93.59
,M01,25.14,22.11,14.72,58.67,686.7549425287356
2026-01-04 12:25:00,M02,41.37,25.59,11.42,46.17,31.91
2026-01-04 12:30:00,M01,35.78,15.71,14.15,45.25,70.0
2026-01-04 12:35:00,M02,45.65,21.58,16.83,64.51,50.69
2026-01-04 12:40:00,M04,30.42,24.91,19.06,59.91,30.62
2026-01-04 12:45:00,M03,39.11,12.88,15.22,68.42,132.41
2026-01-04 12:50:00,M02,26.8,19.16,13.83,60.86,64.59
2026-01-04 12:55:00,M02,,16.53,16.96,55.73,37.95
2026-01-04 13:00:00,M01,28.41,16.17,9.95,71.35,69.79
2026-01-04 13:05:00,M04,31.91,26.28,15.48,56.25,69.38
2026-01-04 13:10:00,M01,,23.76,9.49,70.47,36.4
2026-01-04 13:15:00,M02,38.42,24.98,10.88,73.07,89.19
2026-01-04 13:20:00,M03,39.23,157.451929092805,11.61,421.25823529411764,33.28
2026-01-04 13:25:00,M04,38.68,21.09,16.22,66.24,
2026-01-04 13:30:00,M04,38.36,22.3,13.82,65.67,114.0
2026-01-04 13:35:00,M02,38.58,24.89,12.07,60.2,59.48
2026-01-04 13:40:00,M03,33.71,19.56,17.28,64.92,103.87
2026-01-04 13:45:00,M03,38.71,23.07,12.5,55.1,47.39
2026-01-04 13:50:00,M01,32.33,28.53,15.97,65.91,88.79
,M03,33.11,23.41,15.31,58.21,33.39
2026-01-04 14:00:00,M02,33.4,18.85,13.92,56.72,25.62
2026-01-04 14:05:00,M01,29.9,18.96,14.78,48.94,91.51
2026-01-04 14:10:00,M04,38.62,17.37,17.35,67.72,121.18
2026-01-04 14:15:00,M01,39.45,14.33,10.84,52.83,111.47
2026-01-04 14:20:00,M01,35.96,7.84,20.7,58.74,120.48
2026-01-04 14:25:00,,26.61,15.8,13.86,60.49,83.01
2026-01-04 14:30:00,M02,41.36,18.4,16.09,70.12,110.55
2026-01-04 14:35:00,M04,32.35,21.28,11.11,56.05,30.61
2026-01-04 14:40:00,M02,316.86476190476196,22.07,,50.46,128.56
2026-01-04 14:45:00,M01,38.15,19.39,11.44,54.09,64.06
2026-01-04 14:50:00,M03,43.31,18.45,15.27,67.61,133.61
2026-01-04 14:55:00,M02,35.68,25.86,18.08,70.46,95.13
2026-01-04 15:00:00,M04,36.1,16.35,17.62,69.25,33.0
2026-01-04 15:05:00,M03,45.38,29.95,17.59,59.65,74.45
2026-01-04 15:10:00,M04,31.46,16.1,14.35,47.36,
2026-01-04 15:15:00,M04,42.84,18.77,21.32,48.92,51.53
2026-01-04 15:20:00,M01,38.39,17.91,13.23,61.94,43.69
2026-01-04 15:25:00,M02,42.7,16.71,15.17,57.54,22.25
2026-01-04 15:30:00,M02,25.88,14.69,13.93,61.54,109.5
2026-01-04 15:35:00,M04,30.22,17.12,13.22,56.89,68.81
2026-01-04 15:40:00,M03,29.34,27.4,18.43,52.2,42.76
2026-01-04 15:45:00,M03,27.84,25.83,18.55,69.07,98.11
2026-01-04 15:50:00,M01,40.65,20.53,15.84,51.75,
2026-01-04 15:55:00,M01,34.82,18.4,17.86,66.63,114.2
2026-01-04 16:00:00,M02,25.39,29.7,,67.87,95.82
2026-01-04 16:05:00,M04,24.79,13.31,,55.23,52.14
2026-01-04 16:10:00,M02,34.57,18.43,8.1,66.8,686.7549425287356
2026-01-04 16:15:00,,36.23,9.87,7.31,65.94,92.68
2026-01-04 16:20:00,M02,25.19,26.83,19.63,55.0,36.76
2026-01-04 16:25:00,M04,30.83,23.49,14.94,57.52,113.44
2026-01-04 16:30:00,M02,49.6,21.5,17.56,81.21,60.89
2026-01-04 16:35:00,M04,36.81,17.77,15.9,,120.73
,M03,29.28,26.71,17.78,51.98,72.19
2026-01-04 16:45:00,M02,37.73,22.06,17.24,45.68,
2026-01-04 16:50:00,M03,316.86476190476196,19.85,9.99,62.36,101.92
,M01,31.15,27.89,,54.72,60.34
2026-01-04 17:00:00,M01,30.87,24.53,16.78,66.89,142.45
2026-01-04 17:05:00,M04,29.55,15.54,8.38,54.16,127.89
2026-01-04 17:10:00,M01,,22.98,16.65,63.82,66.0
2026-01-04 17:15:00,M03,34.87,14.87,9.8,71.34,23.37
