timestamp,machine_id,cycle_time_sec,Temperature_C,Vibration_mms,Sound_dB,Oil_Level_pct,Coolant_Level_pct,Hydraulic_Pressure_bar,Coolant_Flow_L_min,Heat_Index,Power_Consumption_kW,Operational_Hours,Error_Codes_Last_30_Days,Remaining_Useful_Life_days,predicted_failure_probability,sensor_anomaly_score,AI_Override_Events,Failure_Within_7_Days
2026-01-01 06:00:00,M03,45.52,65.37,1.92,78.94,84.57,99.71,127.12,35.63,78.93,56.45,1000.0,2.0,271.0,0.0,0.62,3.0,0.0
2026-01-01 06:05:00,M03,47.96,72.62,2.61,67.93,98.4,69.78,115.02,30.88,68.75,44.73,1001.0,2.0,92.0,0.5,0.917,3.0,
2026-01-01 06:10:00,M01,47.42,74.04,1.56,77.69,73.4,72.83,126.42,33.43,66.93,32.21,1002.01,7.0,40.0,0.5,0.464,0.0,1.0
2026-01-01 06:15:00,M04,44.28,64.17,2.17,79.25,83.13,70.72,137.45,,63.49,46.26,1003.01,4.0,283.0,0.33,0.104,3.0,0.0
2026-01-01 06:20:00,M02,41.7,64.23,2.55,87.85,80.24,81.57,127.67,32.31,84.32,50.73,1004.01,7.0,243.0,0.17,0.458,0.0,0.0
2026-01-01 06:25:00,M04,43.61,69.59,2.04,71.88,88.38,56.38,113.71,27.63,76.27,39.43,1005.02,3.0,37.0,0.67,0.376,2.0,1.0
2026-01-01 06:30:00,M04,43.8,68.41,2.7,75.08,81.62,70.01,112.87,29.13,63.93,42.91,1006.02,,261.0,0.83,0.578,1.0,1.0
2026-01-01 06:35:00,M02,46.26,61.46,2.93,75.39,74.19,72.26,118.69,32.33,78.79,38.86,1007.02,5.0,262.0,0.5,0.439,3.0,1.0
2026-01-01 06:40:00,M02,45.92,70.27,2.77,78.49,70.68,71.39,136.69,40.46,80.71,41.76,1008.03,5.0,1232.7397260273972,0.83,0.017,1.0,1.0
2026-01-01 06:45:00,M02,53.7,63.83,1.57,79.4,84.88,71.29,108.69,31.97,69.83,40.34,1009.03,,184.0,0.5,0.994,3.0,
2026-01-01 06:50:00,M03,45.2,64.0,2.55,80.3,71.33,70.11,125.88,29.94,67.25,,1010.03,3.0,203.0,,0.544,3.0,1.0
2026-01-01 06:55:00,M02,46.8,,2.59,79.94,89.47,82.77,96.56,25.84,62.06,56.61,1011.04,2.0,189.0,,0.474,0.0,0.0
2026-01-01 07:00:00,M02,45.36,62.59,2.27,67.59,84.43,80.38,128.92,34.48,75.66,,1012.04,3.0,224.0,0.17,0.955,3.0,0.0
2026-01-01 07:05:00,M04,43.37,65.76,2.69,61.93,80.69,92.03,131.28,28.32,66.58,34.21,,5.0,212.0,0.33,0.156,2.0,0.0
2026-01-01 07:10:00,M04,46.77,67.38,2.67,72.43,69.5,82.8,150.41,31.87,66.25,62.71,1014.05,,259.0,0.33,0.189,1.0,0.0
2026-01-01 07:15:00,M01,42.9,71.54,2.45,74.82,85.4,64.02,133.88,33.51,69.91,49.08,,4.0,266.0,,0.808,3.0,1.0
2026-01-01 07:20:00,M04,44.71,70.99,1.9,71.93,92.93,73.3,113.98,36.32,63.46,50.51,,4.0,84.0,0.5,0.261,1.0,1.0
2026-01-01 07:25:00,M02,50.8,67.14,2.48,72.7,76.6,72.24,96.98,34.21,82.23,44.55,1017.06,5.0,211.0,0.5,0.799,1.0,1.0
2026-01-01 07:30:00,M03,42.57,44.13,3.62,73.32,74.06,77.55,127.71,23.88,77.74,46.63,1018.06,3.0,151.0,0.5,0.272,1.0,1.0
2026-01-01 07:35:00,M04,46.94,66.95,2.26,77.89,79.26,85.93,115.09,21.41,70.61,42.61,1019.06,4.0,215.0,0.17,0.033,3.0,0.0
2026-01-01 07:40:00,M04,32.59,68.18,3.13,69.83,83.74,76.86,125.01,,63.19,51.33,1020.07,2.0,208.0,0.33,0.517,0.0,0.0
2026-01-01 07:45:00,M02,44.07,69.81,2.52,74.61,75.75,76.88,109.2,30.43,63.62,41.66,1021.07,4.0,180.0,0.67,0.197,1.0,1.0
2026-01-01 07:50:00,M04,42.54,57.35,2.02,74.65,,75.1,117.4,31.96,63.27,48.43,1022.07,3.0,237.0,0.17,0.758,1.0,0.0
2026-01-01 07:55:00,M04,45.6,48.02,2.32,77.77,95.29,83.11,94.5,38.6,60.15,51.79,1023.08,5.0,188.0,0.33,0.641,,0.0
2026-01-01 08:00:00,M02,43.82,71.45,2.49,80.81,82.64,69.31,104.31,26.92,72.58,413.183125,1024.08,2.0,284.0,0.5,0.924,3.0,1.0
2026-01-01 08:05:00,M04,45.71,55.2,2.89,83.42,77.4,60.43,102.19,,64.86,52.22,1025.08,2.0,71.0,3.5823487544483985,0.783,2.0,1.0
2026-01-01 08:10:00,M03,43.11,74.78,3.93,71.27,83.52,81.45,,26.97,64.4,37.83,1026.09,4.0,213.0,0.5,0.181,2.0,1.0
2026-01-01 08:15:00,M01,46.93,60.37,2.53,65.0,89.42,78.75,107.59,37.83,63.49,56.01,1027.09,3.0,142.0,,0.8,0.0,0.0
2026-01-01 08:20:00,M04,36.43,56.78,1.76,73.79,81.28,,140.67,33.75,78.03,49.65,1028.09,4.0,81.0,0.17,0.642,,0.0
2026-01-01 08:25:00,M03,45.56,67.8,1.51,67.06,83.88,50.72,107.74,22.46,63.93,47.14,1029.1,6.0,87.0,0.5,0.669,0.0,1.0
2026-01-01 08:30:00,,40.31,69.93,2.25,88.67,85.64,74.0,151.44,27.91,80.15,47.95,1030.1,0.0,198.0,0.17,0.832,0.0,0.0
2026-01-01 08:35:00,M01,50.84,69.45,1.82,70.64,73.0,,90.77,39.58,67.7,43.89,1031.1,7.0,80.0,0.67,,1.0,1.0
2026-01-01 08:40:00,M02,40.23,69.01,,77.82,83.67,59.89,126.36,38.95,60.04,41.73,1032.11,5.0,272.0,3.5823487544483985,0.466,3.0,1.0
2026-01-01 08:45:00,M01,49.98,452.4973144876325,2.84,79.67,69.26,74.13,120.58,33.02,73.75,42.42,1033.11,6.0,55.0,,0.637,2.0,1.0
2026-01-01 08:50:00,M04,44.94,52.78,2.41,76.7,74.73,86.87,101.83,31.77,77.1,54.02,1034.11,7.0,233.0,0.5,0.298,1.0,1.0
2026-01-01 08:55:00,M01,35.86,61.88,2.89,85.38,89.17,95.86,111.74,31.2,63.14,45.57,,0.0,259.0,0.33,0.183,3.0,0.0
2026-01-01 09:00:00,M01,,55.83,2.54,73.99,86.97,,116.08,32.19,70.51,46.97,1036.12,2.0,85.0,0.0,0.617,,0.0
2026-01-01 09:05:00,M02,49.24,68.46,3.62,,77.84,71.76,123.75,29.3,72.55,45.42,1037.12,4.0,83.0,,0.234,1.0,1.0
2026-01-01 09:10:00,M04,48.96,71.99,2.88,70.57,93.65,87.62,105.95,36.06,70.77,40.32,1038.13,0.0,151.0,0.5,0.08,1.0,1.0
2026-01-01 09:15:00,M01,38.5,66.38,3.04,78.75,69.52,84.11,126.38,32.89,66.33,29.97,1039.13,1.0,82.0,0.33,0.001,2.0,0.0
2026-01-01 09:20:00,M01,52.81,64.99,1.63,74.05,78.36,70.16,121.8,25.17,77.05,50.38,1040.13,0.0,111.0,0.17,0.608,0.0,0.0
2026-01-01 09:25:00,M02,44.88,62.52,1.8,70.57,82.2,69.18,131.69,33.27,67.99,49.64,1041.14,4.0,103.0,0.33,0.362,0.0,0.0
2026-01-01 09:30:00,M03,49.42,72.84,2.79,77.21,57.53,73.31,107.06,30.82,65.15,44.92,1042.14,7.0,78.0,0.83,0.752,2.0,
2026-01-01 09:35:00,M04,38.94,50.36,1.57,78.55,78.74,64.49,113.86,28.44,55.88,37.37,1043.14,4.0,74.0,0.5,0.375,2.0,1.0
2026-01-01 09:40:00,M03,42.72,55.35,2.13,76.36,71.0,71.89,141.63,39.49,55.95,57.75,1044.15,5.0,202.0,0.5,0.486,0.0,
2026-01-01 09:45:00,M03,47.08,79.61,3.21,79.5,71.19,79.87,106.41,30.52,71.73,42.61,1045.15,,71.0,0.67,0.407,1.0,1.0
2026-01-01 09:50:00,M02,43.43,54.96,2.11,75.44,77.82,85.39,99.11,20.22,,46.74,1046.15,4.0,29.0,0.5,0.651,,1.0
2026-01-01 09:55:00,,30.4,69.25,1.77,72.03,65.39,71.21,110.54,28.79,77.1,40.08,1047.16,4.0,250.0,0.83,0.356,3.0,1.0
2026-01-01 10:00:00,M04,44.05,70.89,15.044895104895105,79.06,73.54,88.88,93.36,34.97,79.04,35.55,,6.0,212.0,0.83,0.964,3.0,1.0
2026-01-01 10:05:00,,35.18,,3.74,70.55,65.58,81.5,145.09,25.37,68.04,,1049.16,5.0,204.0,0.5,0.936,2.0,1.0
2026-01-01 10:10:00,M01,39.65,51.13,2.01,69.36,80.99,,115.76,34.8,77.59,34.49,1050.17,6.0,71.0,0.17,0.848,0.0,0.0
2026-01-01 10:15:00,M03,37.99,75.12,3.23,80.78,80.83,65.81,115.9,25.01,65.51,46.6,1051.17,5.0,116.0,0.67,0.92,0.0,1.0
2026-01-01 10:20:00,M02,50.66,57.22,1.94,73.26,77.21,93.08,131.14,36.68,68.8,46.62,1052.17,5.0,134.0,0.33,0.449,,0.0
,,52.23,,,83.33,87.97,80.53,109.12,27.14,68.57,37.16,1053.18,7.0,276.0,,0.536,,0.0
2026-01-01 10:30:00,M01,,60.83,2.46,79.28,77.63,71.67,116.76,28.24,82.63,35.93,1054.18,6.0,211.0,0.5,0.742,2.0,1.0
2026-01-01 10:35:00,M02,43.85,57.24,2.03,72.88,79.82,69.91,108.72,27.87,59.77,39.61,1055.18,,171.0,0.5,0.696,2.0,1.0
2026-01-01 10:40:00,M01,45.14,69.21,3.03,77.43,72.75,71.9,93.67,32.99,70.47,40.61,1056.19,1.0,121.0,,0.891,3.0,1.0
2026-01-01 10:45:00,M03,50.66,55.54,15.044895104895105,87.64,61.57,64.82,120.76,39.22,64.43,34.29,1057.19,7.0,1232.7397260273972,,0.716,0.0,1.0
2026-01-01 10:50:00,M02,35.08,49.27,2.62,78.77,78.84,84.88,135.39,30.07,67.61,37.12,1058.19,2.0,107.0,0.17,0.998,0.0,0.0
2026-01-01 10:55:00,M04,39.62,74.25,3.14,77.91,77.79,65.84,121.19,29.95,67.27,45.53,1059.2,4.0,256.0,0.83,0.349,3.0,1.0
2026-01-01 11:00:00,M02,50.02,,2.98,72.03,93.68,77.9,,27.13,70.58,58.93,1060.2,3.0,270.0,0.33,0.833,1.0,0.0
2026-01-01 11:05:00,M04,51.06,58.98,2.79,84.22,85.34,70.5,103.56,21.86,80.78,52.05,1061.2,,200.0,0.67,0.698,1.0,1.0
2026-01-01 11:10:00,M04,47.95,71.64,,81.59,76.7,81.71,108.69,27.63,85.22,46.12,1062.21,2.0,38.0,0.67,0.691,0.0,1.0
2026-01-01 11:15:00,M02,39.78,65.56,2.37,72.07,81.13,83.07,100.59,23.7,75.25,52.9,1063.21,5.0,57.0,0.33,0.326,2.0,0.0
,M02,49.95,73.9,1.59,84.4,87.26,68.56,125.5,20.56,62.17,53.09,1064.21,7.0,259.0,0.5,0.786,,1.0
2026-01-01 11:25:00,M04,51.81,71.76,2.58,75.82,84.13,74.66,115.24,29.62,68.6,42.87,1065.22,7.0,235.0,0.33,0.9,0.0,0.0
2026-01-01 11:30:00,M04,223.37021276595746,61.37,2.42,70.8,93.35,60.57,,27.29,72.08,46.81,1066.22,2.0,281.0,0.33,,1.0,
2026-01-01 11:35:00,M01,32.53,73.18,1.23,72.01,73.68,92.01,130.03,36.88,66.74,,1067.22,3.0,162.0,0.5,0.625,3.0,1.0
2026-01-01 11:40:00,M02,45.62,66.34,1.82,79.39,87.8,85.68,112.91,25.72,67.78,52.8,1068.23,7.0,294.0,,0.392,1.0,0.0
2026-01-01 11:45:00,M02,47.93,60.21,1.75,70.83,76.62,61.04,136.2,,69.43,52.87,1069.23,0.0,189.0,0.33,0.99,1.0,0.0
2026-01-01 11:50:00,M01,42.42,67.32,2.01,69.48,81.55,66.33,123.53,33.25,76.18,37.81,1070.23,1.0,,0.17,0.479,3.0,0.0
2026-01-01 11:55:00,M02,45.93,54.52,2.29,72.81,75.54,73.65,114.51,36.69,74.24,413.183125,1071.24,4.0,243.0,0.5,0.228,2.0,1.0
2026-01-01 12:00:00,M01,42.43,71.67,2.31,73.55,78.86,75.39,96.73,29.08,65.12,58.01,1072.24,0.0,32.0,0.33,0.382,0.0,0.0
2026-01-01 12:05:00,M01,40.69,70.63,2.03,71.63,81.69,68.14,129.95,36.6,74.74,55.45,1073.24,6.0,103.0,0.5,0.654,2.0,1.0
2026-01-01 12:10:00,M02,52.55,65.96,1.75,72.73,84.75,63.55,124.24,32.8,83.79,37.4,1074.25,3.0,254.0,0.33,0.076,2.0,0.0
2026-01-01 12:15:00,M03,223.37021276595746,49.65,2.73,79.58,80.49,78.95,124.97,35.7,57.9,35.64,1075.25,1.0,299.0,0.17,0.604,1.0,0.0
2026-01-01 12:20:00,M04,39.47,74.24,2.57,,60.11,92.39,125.44,41.97,66.5,48.26,1076.25,1.0,169.0,0.33,0.931,0.0,0.0
,M02,38.12,68.5,2.59,72.42,79.38,75.55,112.06,29.38,65.89,55.32,1077.26,1.0,294.0,0.33,0.85,1.0,0.0
2026-01-01 12:30:00,M03,40.7,64.82,,72.86,91.76,72.08,117.73,30.85,70.64,46.58,1078.26,3.0,18.0,0.33,0.068,3.0,0.0
2026-01-01 12:35:00,M01,40.72,63.55,2.6,74.34,79.32,71.03,113.12,28.19,55.41,43.36,1079.26,5.0,194.0,0.5,0.993,2.0,1.0
2026-01-01 12:40:00,M03,45.73,452.4973144876325,2.28,74.63,91.99,,138.75,37.71,80.89,44.37,1080.27,5.0,144.0,0.33,0.699,2.0,0.0
2026-01-01 12:45:00,M02,47.43,62.24,2.44,74.65,79.04,68.28,115.87,43.02,70.37,52.14,1081.27,7.0,119.0,0.33,0.162,3.0,0.0
2026-01-01 12:50:00,M02,47.42,71.15,2.56,79.4,67.42,86.36,110.71,33.67,,413.183125,1082.27,6.0,78.0,0.67,0.012,0.0,1.0
2026-01-01 12:55:00,M03,41.25,60.87,2.87,75.99,76.54,54.29,139.78,21.95,71.46,48.37,1083.28,5.0,145.0,0.67,,2.0,1.0
2026-01-01 13:00:00,M02,49.6,62.81,2.47,,75.53,75.7,138.15,25.58,65.87,44.09,1084.28,,105.0,0.33,0.838,2.0,0.0
2026-01-01 13:05:00,M04,51.14,63.98,1.33,82.13,,75.28,123.55,35.8,75.59,38.78,1085.28,0.0,128.0,0.0,0.022,0.0,0.0
2026-01-01 13:10:00,M03,43.7,64.2,2.24,84.38,70.52,76.18,118.05,,70.04,38.23,,7.0,283.0,,0.233,1.0,0.0
2026-01-01 13:15:00,M01,39.84,,2.5,68.85,79.93,82.27,114.31,27.0,53.32,48.68,1087.29,4.0,186.0,0.33,0.757,3.0,0.0
2026-01-01 13:20:00,M03,45.5,63.64,3.28,67.11,,75.61,119.34,26.82,69.13,26.06,1088.29,7.0,246.0,0.5,0.586,0.0,1.0
2026-01-01 13:25:00,,55.8,67.75,2.03,73.25,90.3,70.46,106.88,29.61,67.78,48.35,1089.3,1.0,281.0,0.33,0.783,3.0,0.0
2026-01-01 13:30:00,M03,223.37021276595746,57.76,1.52,78.92,70.32,68.43,127.25,31.28,75.57,43.81,1090.3,6.0,286.0,0.5,0.746,3.0,1.0
2026-01-01 13:35:00,M03,42.37,63.68,2.54,76.88,81.97,87.98,144.79,20.55,91.61,51.62,1091.3,6.0,147.0,0.17,0.051,2.0,0.0
2026-01-01 13:40:00,M01,45.29,80.45,3.02,80.27,83.29,85.41,128.44,22.36,73.02,49.21,1092.31,1.0,141.0,0.33,0.893,0.0,0.0
2026-01-01 13:45:00,M01,47.71,64.49,2.26,73.04,86.2,103.78,103.45,,86.96,,1093.31,0.0,53.0,0.17,0.227,3.0,0.0
2026-01-01 13:50:00,M01,35.07,57.56,3.93,65.22,77.09,72.19,,23.08,64.51,37.53,1094.31,7.0,132.0,0.5,0.553,1.0,1.0
2026-01-01 13:55:00,M03,,56.62,3.79,68.17,81.77,68.62,122.92,,65.02,,1095.32,5.0,145.0,0.5,0.644,3.0,1.0
2026-01-01 14:00:00,M04,51.46,54.88,2.46,77.82,82.83,79.53,,,68.03,40.49,1096.32,7.0,135.0,0.17,0.169,2.0,0.0
2026-01-01 14:05:00,M04,42.88,78.02,2.61,80.31,66.81,79.29,107.71,35.07,73.4,51.08,1097.32,1.0,284.0,0.67,0.976,1.0,1.0
2026-01-01 14:10:00,M01,58.53,73.06,3.32,65.47,77.38,81.36,120.05,32.77,64.88,57.38,1098.33,1.0,73.0,0.5,0.488,1.0,1.0
2026-01-01 14:15:00,M04,51.14,54.68,2.45,82.05,79.74,83.47,133.25,27.09,57.11,47.31,1099.33,3.0,241.0,0.17,0.058,0.0,0.0
2026-01-01 14:20:00,M04,50.87,66.71,2.02,,80.68,81.27,103.95,31.15,70.18,40.88,1100.33,2.0,60.0,0.17,0.937,1.0,0.0
2026-01-01 14:25:00,M04,50.94,74.8,3.03,74.65,80.58,85.75,113.26,35.27,60.86,41.6,1101.34,6.0,146.0,0.67,0.586,0.0,1.0
2026-01-01 14:30:00,M04,50.79,64.68,2.78,71.87,83.5,87.08,115.68,28.86,78.93,41.93,1102.34,0.0,167.0,0.17,0.699,0.0,
2026-01-01 14:35:00,M04,44.89,61.07,2.02,82.96,95.5,87.26,134.98,28.45,75.15,52.28,1103.34,7.0,65.0,0.17,0.525,1.0,0.0
2026-01-01 14:40:00,M02,,,2.67,79.49,75.24,52.39,,25.28,63.92,41.79,1104.35,0.0,90.0,0.67,4.686551236749117,,1.0
2026-01-01 14:45:00,M01,40.28,49.76,2.4,,83.05,77.32,91.27,25.98,73.65,44.69,1105.35,5.0,241.0,0.33,4.686551236749117,0.0,0.0
2026-01-01 14:50:00,M03,42.11,86.06,2.27,71.34,90.41,65.77,,33.43,65.61,54.41,1106.35,0.0,137.0,0.33,0.268,1.0,0.0
2026-01-01 14:55:00,M04,43.45,65.48,2.03,83.07,65.61,85.55,137.68,,69.58,41.03,1107.36,5.0,135.0,0.33,0.47,,0.0
2026-01-01 15:00:00,,45.33,75.32,2.57,75.15,82.15,52.18,136.72,39.79,69.67,48.9,1108.36,7.0,89.0,0.5,0.077,3.0,1.0
2026-01-01 15:05:00,M03,52.99,55.4,,76.5,66.56,89.69,112.06,26.62,67.31,51.3,1109.36,3.0,184.0,0.5,0.706,0.0,1.0
2026-01-01 15:10:00,M02,34.49,59.2,2.67,75.37,97.48,,116.55,33.81,76.65,45.44,1110.37,7.0,154.0,,,0.0,1.0
2026-01-01 15:15:00,M04,51.72,56.36,,71.17,84.18,64.06,96.49,31.93,61.05,58.68,1111.37,3.0,135.0,0.67,0.273,1.0,1.0
2026-01-01 15:20:00,M04,39.94,,2.64,76.6,83.1,78.56,88.58,29.55,74.3,56.66,,4.0,191.0,0.5,0.003,3.0,1.0
2026-01-01 15:25:00,M04,44.48,67.46,2.65,78.48,65.01,71.27,114.58,27.82,72.44,46.84,,5.0,228.0,0.83,0.72,3.0,1.0
2026-01-01 15:30:00,M04,41.38,73.53,2.18,72.79,75.96,92.79,121.15,33.0,58.76,39.37,1114.38,6.0,287.0,0.5,0.834,0.0,1.0
2026-01-01 15:35:00,M03,54.27,51.31,3.2,76.17,76.0,88.63,122.65,32.71,63.64,39.7,1115.38,3.0,92.0,0.5,,1.0,1.0
2026-01-01 15:40:00,M03,42.5,66.26,1.99,75.29,94.13,69.89,132.32,31.01,61.25,46.49,1116.39,7.0,150.0,0.33,0.564,2.0,0.0
2026-01-01 15:45:00,M02,47.61,72.16,1.53,79.58,85.83,85.42,165.92,32.13,67.07,37.37,1117.39,5.0,104.0,0.33,0.228,3.0,0.0
2026-01-01 15:50:00,M01,47.87,,1.86,73.51,66.78,69.55,114.06,30.18,70.39,46.88,1118.39,6.0,203.0,0.83,4.686551236749117,2.0,1.0
,M04,39.2,61.48,3.12,76.13,83.76,69.46,104.17,21.79,62.57,56.82,1119.4,7.0,119.0,0.67,0.012,1.0,1.0
2026-01-01 16:00:00,M02,,61.58,2.78,77.19,67.98,82.14,128.19,30.42,,45.44,1120.4,6.0,61.0,0.5,0.489,2.0,1.0
2026-01-01 16:05:00,M02,51.02,64.26,3.29,73.39,66.97,89.56,123.33,28.66,78.46,44.87,1121.4,7.0,112.0,0.5,0.644,1.0,1.0
2026-01-01 16:10:00,M02,40.63,66.49,1.71,70.87,83.63,70.59,111.38,39.73,79.88,50.97,1122.41,,110.0,0.33,0.918,0.0,0.0
2026-01-01 16:15:00,M04,49.14,75.42,3.89,71.69,85.96,71.35,133.66,33.17,48.26,48.67,1123.41,4.0,151.0,0.67,0.381,2.0,1.0
2026-01-01 16:20:00,M04,43.34,55.32,2.33,77.05,83.67,78.01,,31.01,85.59,36.96,1124.41,2.0,210.0,0.17,0.765,0.0,0.0
2026-01-01 16:25:00,M02,50.82,58.71,1.44,73.82,95.04,66.06,118.07,32.31,,41.81,1125.42,1.0,208.0,,0.598,0.0,0.0
2026-01-01 16:30:00,M04,53.74,54.35,3.82,73.76,82.95,90.65,118.94,24.88,70.38,58.26,1126.42,1.0,293.0,0.17,0.927,1.0,0.0
2026-01-01 16:35:00,M02,34.96,68.42,1.71,78.02,81.36,65.96,105.78,26.95,69.19,47.28,1127.42,4.0,,0.67,0.398,2.0,1.0
2026-01-01 16:40:00,M03,,73.81,15.044895104895105,80.1,70.27,68.67,94.35,28.33,59.43,37.95,1128.43,5.0,55.0,0.83,0.319,3.0,1.0
2026-01-01 16:45:00,M04,223.37021276595746,53.63,2.38,80.96,86.86,92.67,123.28,31.94,72.88,43.66,1129.43,5.0,37.0,0.17,0.887,2.0,0.0
2026-01-01 16:50:00,M03,52.33,,2.77,71.94,66.79,77.15,140.53,27.83,82.9,32.52,1130.43,5.0,11.0,0.5,0.049,3.0,1.0
2026-01-01 16:55:00,M01,47.66,73.23,2.03,79.61,96.16,,134.41,,71.23,32.0,1131.44,2.0,26.0,0.17,0.136,0.0,0.0
,,38.78,71.28,3.12,85.42,86.97,72.81,135.42,24.66,61.08,51.88,1132.44,6.0,86.0,0.5,0.082,0.0,1.0
2026-01-01 17:05:00,M01,,71.18,,,102.32,100.2,108.02,30.13,57.8,44.97,1133.44,1.0,174.0,0.5,0.843,1.0,1.0
2026-01-01 17:10:00,M02,40.43,55.48,2.51,74.63,83.11,81.16,123.21,30.83,67.65,48.63,1134.45,4.0,106.0,0.17,0.011,3.0,0.0
2026-01-01 17:15:00,M04,49.35,71.16,3.29,73.59,87.36,67.48,98.64,,64.05,53.11,1135.45,5.0,,0.83,0.862,2.0,1.0
2026-01-01 17:20:00,M04,223.37021276595746,63.51,2.46,69.68,77.78,67.32,122.53,26.52,75.62,47.38,1136.45,3.0,33.0,0.5,0.451,1.0,1.0
,M04,40.41,73.56,2.33,79.21,79.65,60.43,140.83,31.85,80.96,50.13,1137.46,0.0,209.0,0.33,0.004,1.0,0.0
2026-01-01 17:30:00,M01,44.67,68.59,3.7,74.66,71.59,61.52,,24.8,73.76,,1138.46,2.0,44.0,0.67,0.402,1.0,1.0
2026-01-01 17:35:00,M01,51.12,58.48,2.68,74.25,68.42,68.4,150.46,28.9,69.32,,1139.46,7.0,11.0,0.67,,2.0,1.0
2026-01-01 17:40:00,M02,35.54,67.23,1.91,78.44,81.52,65.08,134.84,31.51,68.94,57.41,1140.47,5.0,298.0,0.33,0.624,1.0,0.0
2026-01-01 17:45:00,M03,46.51,71.55,,78.9,79.61,49.22,127.14,28.71,70.57,46.4,1141.47,1.0,147.0,0.33,0.679,2.0,0.0
2026-01-01 17:50:00,M03,39.47,60.95,2.51,72.0,71.39,83.42,133.12,,60.72,46.1,1142.47,0.0,71.0,0.17,0.488,1.0,0.0
2026-01-01 17:55:00,M01,44.92,66.03,1.06,72.12,,,130.21,22.79,74.82,47.24,1143.48,4.0,206.0,0.33,0.041,3.0,0.0
2026-01-01 18:00:00,M04,47.29,54.31,2.12,71.89,80.26,78.08,107.89,31.1,61.35,44.26,1144.48,5.0,68.0,0.33,0.656,0.0,0.0
2026-01-01 18:05:00,M03,55.07,69.39,2.44,85.57,71.26,63.65,97.27,32.9,78.93,42.2,1145.48,1.0,274.0,0.67,,3.0,1.0
2026-01-01 18:10:00,M03,44.87,64.55,2.4,82.39,82.85,91.47,133.24,31.7,67.09,52.34,1146.49,0.0,197.0,0.0,0.72,,0.0
2026-01-01 18:15:00,M01,52.33,,1.75,78.54,71.5,73.22,151.4,33.02,76.65,42.21,1147.49,3.0,72.0,0.5,,1.0,1.0
2026-01-01 18:20:00,M02,40.8,69.17,2.23,73.12,82.05,66.67,133.86,28.6,58.21,41.8,1148.49,2.0,288.0,0.33,0.201,3.0,0.0
2026-01-01 18:25:00,M01,42.52,61.74,3.21,73.72,70.79,77.33,91.67,33.69,76.59,51.29,1149.5,,39.0,0.67,0.889,3.0,1.0
2026-01-01 18:30:00,M01,47.94,58.23,3.08,76.82,70.83,76.75,112.21,31.68,80.9,51.83,1150.5,7.0,180.0,0.67,0.322,3.0,
2026-01-01 18:35:00,M04,46.01,56.39,2.56,86.05,61.1,49.97,117.05,26.8,59.75,61.33,1151.51,1.0,30.0,0.33,0.013,1.0,0.0
2026-01-01 18:40:00,M01,43.36,60.94,2.46,76.44,78.72,74.69,92.16,32.57,69.09,53.54,1152.51,6.0,210.0,0.33,0.843,2.0,0.0
2026-01-01 18:45:00,M04,,72.1,2.4,77.54,91.63,76.21,99.35,31.48,72.68,50.79,1153.51,3.0,144.0,0.5,0.942,0.0,
2026-01-01 18:50:00,M02,51.67,452.4973144876325,2.64,62.26,91.18,71.21,119.44,38.36,73.07,51.8,1154.52,2.0,281.0,0.33,0.656,0.0,0.0
2026-01-01 18:55:00,M04,,56.71,2.56,76.29,82.59,61.79,,36.9,67.28,43.96,1155.52,2.0,32.0,0.17,0.231,2.0,0.0
2026-01-01 19:00:00,M02,39.9,71.87,2.69,68.03,63.99,62.08,105.21,29.54,65.87,48.94,1156.52,,96.0,1.0,0.252,2.0,1.0
2026-01-01 19:05:00,M02,40.73,75.63,2.8,72.57,86.75,80.14,98.66,27.91,72.03,49.27,1157.53,7.0,40.0,0.67,0.467,3.0,1.0
2026-01-01 19:10:00,M02,48.35,57.13,1.77,75.23,,82.62,,37.8,72.82,41.21,1158.53,3.0,130.0,0.17,0.898,0.0,0.0
2026-01-01 19:15:00,M01,56.28,56.63,2.31,73.49,,70.52,114.26,,64.98,44.66,1159.53,1.0,78.0,0.5,0.15,2.0,1.0
2026-01-01 19:20:00,M04,42.38,76.26,2.62,71.82,89.66,78.82,116.41,29.13,63.4,51.67,1160.54,2.0,143.0,0.33,0.826,3.0,0.0
2026-01-01 19:25:00,M03,55.74,64.01,1.92,71.86,84.92,70.42,111.8,20.05,,44.87,1161.54,4.0,155.0,0.5,0.291,0.0,1.0
2026-01-01 19:30:00,M01,44.95,57.84,2.1,73.94,95.69,66.47,108.43,26.22,70.86,49.28,1162.54,0.0,272.0,0.33,0.809,1.0,0.0
2026-01-01 19:35:00,M02,43.6,73.36,2.37,73.73,68.75,,139.54,25.87,51.83,51.28,1163.55,4.0,95.0,0.5,0.92,1.0,1.0
2026-01-01 19:40:00,M03,40.45,69.03,2.4,,69.38,63.51,106.8,29.27,79.74,50.95,1164.55,7.0,25.0,3.5823487544483985,0.427,0.0,1.0
2026-01-01 19:45:00,M01,44.01,70.89,2.63,74.73,70.73,93.94,122.7,33.09,65.22,57.11,1165.55,5.0,225.0,0.67,0.365,0.0,1.0
2026-01-01 19:50:00,,41.22,58.26,,81.39,77.72,60.62,120.13,33.86,70.53,40.93,1166.56,7.0,125.0,3.5823487544483985,0.802,1.0,1.0
2026-01-01 19:55:00,M02,40.82,68.0,3.08,64.75,,77.84,90.78,37.5,73.0,56.5,1167.56,2.0,127.0,0.33,0.529,1.0,0.0
2026-01-01 20:00:00,M03,36.74,74.97,2.39,76.22,75.01,76.5,123.61,34.66,58.13,48.32,1168.56,0.0,279.0,0.33,0.684,0.0,0.0
2026-01-01 20:05:00,M03,53.83,70.13,2.59,75.36,75.18,75.61,96.84,23.5,67.69,50.84,1169.57,3.0,171.0,0.67,,3.0,1.0
2026-01-01 20:10:00,M02,50.32,72.36,2.28,74.33,83.34,,129.53,35.15,80.54,49.88,1170.57,0.0,197.0,0.17,0.153,2.0,0.0
2026-01-01 20:15:00,M03,46.36,76.23,2.64,71.47,86.75,48.14,102.2,38.67,78.71,49.52,1171.57,7.0,113.0,0.83,0.845,2.0,1.0
2026-01-01 20:20:00,M01,44.28,68.42,3.5,74.25,62.11,79.12,127.83,38.42,67.68,40.54,1172.58,0.0,150.0,0.5,0.196,0.0,1.0
2026-01-01 20:25:00,M03,44.97,60.48,2.27,66.83,88.32,72.27,113.56,23.94,75.73,50.58,1173.58,6.0,176.0,0.33,0.932,2.0,0.0
2026-01-01 20:30:00,M04,41.12,72.02,2.17,76.03,74.76,80.84,109.89,29.04,76.78,34.93,1174.58,0.0,37.0,0.5,0.251,1.0,1.0
2026-01-01 20:35:00,M01,39.33,56.15,2.0,76.94,79.18,75.55,123.16,34.8,76.37,59.67,,2.0,281.0,3.5823487544483985,0.734,,0.0
2026-01-01 20:40:00,M03,,63.22,2.46,71.48,91.35,74.25,97.92,24.21,60.83,47.67,,6.0,59.0,0.33,0.285,2.0,0.0
2026-01-01 20:45:00,M04,43.69,69.7,2.46,,78.27,62.93,118.96,21.38,83.13,53.12,1177.59,7.0,165.0,0.5,0.318,0.0,1.0
2026-01-01 20:50:00,M04,46.63,39.26,2.53,74.4,67.75,68.27,131.73,,66.29,49.77,1178.6,,130.0,0.5,0.31,1.0,1.0
2026-01-01 20:55:00,M04,36.69,67.02,2.78,75.22,68.21,106.32,135.64,26.62,70.87,45.26,1179.6,7.0,149.0,0.5,0.748,3.0,1.0
2026-01-01 21:00:00,M03,43.42,67.4,2.71,81.68,79.77,80.93,113.06,21.84,67.19,41.21,1180.6,6.0,25.0,0.5,0.557,3.0,1.0
2026-01-01 21:05:00,M02,39.23,55.91,2.49,85.71,77.33,85.53,115.25,36.15,71.84,413.183125,,5.0,58.0,0.33,0.883,1.0,
2026-01-01 21:10:00,M04,47.42,67.61,3.67,69.38,80.48,71.48,97.62,30.82,63.09,50.46,1182.61,5.0,173.0,0.67,,1.0,1.0
2026-01-01 21:15:00,M02,,66.52,2.91,72.11,76.79,66.44,108.74,27.4,68.2,50.09,1183.61,6.0,71.0,0.83,0.692,2.0,1.0
2026-01-01 21:20:00,M01,52.3,65.27,1.85,74.49,89.93,82.76,96.6,25.18,71.46,48.91,1184.62,6.0,163.0,0.33,0.753,,0.0
2026-01-01 21:25:00,M02,41.86,74.52,1.57,71.29,80.2,55.96,126.6,30.87,79.8,44.18,1185.62,7.0,,0.5,0.151,2.0,1.0
2026-01-01 21:30:00,M02,39.36,72.03,2.08,79.23,65.9,68.49,132.63,32.58,,47.89,1186.62,7.0,82.0,0.67,0.401,0.0,1.0
2026-01-01 21:35:00,M02,42.91,,2.59,70.74,86.53,71.45,113.19,31.63,79.24,42.04,1187.63,7.0,78.0,0.67,,3.0,1.0
2026-01-01 21:40:00,M02,41.5,56.81,2.03,81.33,95.25,84.45,104.13,22.41,76.95,40.23,1188.63,1.0,186.0,0.17,0.356,3.0,0.0
2026-01-01 21:45:00,M02,47.16,64.86,2.12,78.12,81.24,79.14,124.62,32.38,84.77,43.06,1189.63,5.0,11.0,0.17,0.322,0.0,0.0
2026-01-01 21:50:00,M01,37.99,452.4973144876325,,80.82,81.86,70.27,106.98,33.47,67.68,43.37,1190.64,2.0,1232.7397260273972,0.5,0.686,2.0,1.0
2026-01-01 21:55:00,M01,36.23,63.28,15.044895104895105,70.76,73.76,78.69,130.08,28.28,68.74,55.25,1191.64,1.0,16.0,0.17,0.216,1.0,0.0
2026-01-01 22:00:00,M02,43.27,77.43,1.27,73.08,78.06,71.97,149.03,35.2,68.41,35.44,1192.64,3.0,264.0,0.5,0.709,0.0,1.0
2026-01-01 22:05:00,M02,48.63,,3.15,79.49,,85.7,106.73,25.74,69.51,44.77,1193.65,3.0,84.0,0.67,0.935,2.0,1.0
2026-01-01 22:10:00,M04,39.86,78.68,3.01,78.58,89.05,77.36,108.87,36.45,58.51,49.43,1194.65,3.0,1232.7397260273972,0.67,0.565,3.0,1.0
2026-01-01 22:15:00,M01,49.25,56.46,1.73,73.57,83.57,92.36,98.11,30.66,72.12,58.9,1195.65,3.0,196.0,0.33,0.611,1.0,0.0
2026-01-01 22:20:00,M03,46.83,63.76,2.53,74.28,,72.22,,27.52,73.97,40.75,1196.66,3.0,12.0,0.17,0.069,3.0,0.0
2026-01-01 22:25:00,M01,52.73,64.52,1.83,72.83,80.79,87.25,121.17,28.41,67.94,,,,193.0,0.17,4.686551236749117,0.0,0.0
2026-01-01 22:30:00,M03,40.99,69.85,2.13,74.14,71.03,75.9,115.94,35.0,55.94,50.06,1198.66,6.0,282.0,0.5,0.285,3.0,1.0
2026-01-01 22:35:00,M04,36.97,452.4973144876325,2.79,70.17,71.26,68.03,120.24,,70.17,46.15,1199.67,2.0,61.0,0.5,0.615,3.0,1.0
2026-01-01 22:40:00,M02,47.99,52.14,2.99,69.33,89.88,101.02,104.34,33.23,59.64,43.45,,1.0,272.0,0.33,0.979,0.0,0.0
2026-01-01 22:45:00,M04,46.4,68.03,2.97,80.03,88.06,88.1,95.05,35.37,73.42,48.06,1201.67,3.0,142.0,0.67,0.596,1.0,1.0
2026-01-01 22:50:00,M02,46.01,62.07,2.65,73.97,66.84,77.34,108.61,27.37,70.95,51.03,1202.68,4.0,234.0,0.67,0.725,0.0,1.0
2026-01-01 22:55:00,M01,39.76,61.23,3.27,80.76,78.32,82.66,91.27,30.64,71.74,50.16,1203.68,7.0,1232.7397260273972,0.5,0.445,,1.0
2026-01-01 23:00:00,M02,48.88,59.46,2.13,77.98,78.61,64.18,106.73,28.88,61.51,47.11,1204.68,7.0,25.0,0.5,0.06,0.0,1.0
2026-01-01 23:05:00,M03,41.83,65.99,,76.56,73.99,,124.65,35.09,80.09,54.22,1205.69,5.0,238.0,0.5,0.798,0.0,1.0
2026-01-01 23:10:00,M03,46.01,56.39,0.94,71.45,68.72,86.14,120.89,28.09,71.36,46.38,1206.69,4.0,204.0,0.33,0.035,1.0,
2026-01-01 23:15:00,M04,42.7,63.45,2.44,68.95,73.81,75.05,93.39,30.24,62.69,45.3,1207.69,4.0,260.0,0.5,0.701,2.0,1.0
2026-01-01 23:20:00,M01,46.77,58.37,2.85,72.72,72.37,73.44,135.74,41.48,74.64,50.0,1208.7,2.0,57.0,0.33,0.023,3.0,0.0
,M03,39.02,60.13,2.67,82.66,68.91,,117.08,36.43,70.78,36.18,1209.7,3.0,244.0,0.5,0.862,3.0,1.0
2026-01-01 23:30:00,M04,47.5,67.83,,79.44,86.63,76.52,100.51,24.82,84.7,49.31,1210.7,4.0,130.0,0.33,0.158,3.0,0.0
2026-01-01 23:35:00,M01,48.29,70.21,3.01,72.25,82.26,72.46,114.53,34.51,65.58,42.88,1211.71,6.0,59.0,0.67,0.514,3.0,1.0
2026-01-01 23:40:00,M01,45.58,62.55,2.46,72.77,76.29,54.68,111.25,33.44,60.02,35.69,1212.71,4.0,1232.7397260273972,0.67,0.597,1.0,1.0
2026-01-01 23:45:00,,53.22,452.4973144876325,2.96,,63.44,89.16,106.98,24.5,72.31,47.98,1213.71,3.0,31.0,0.83,0.458,,1.0
,M03,46.04,57.22,2.79,67.26,77.61,73.89,132.19,29.45,78.1,41.79,1214.72,2.0,191.0,0.33,0.341,1.0,0.0
2026-01-01 23:55:00,M03,49.59,52.84,3.35,75.51,84.17,93.32,103.41,25.26,88.58,33.7,1215.72,4.0,14.0,0.5,,0.0,1.0
2026-01-02 00:00:00,M04,45.46,54.31,2.7,83.63,74.11,57.38,122.77,18.04,97.35,38.9,1216.72,1.0,154.0,0.5,0.311,2.0,1.0
2026-01-02 00:05:00,M03,49.15,56.4,2.87,83.69,70.8,57.34,99.88,29.27,57.58,56.83,1217.73,0.0,87.0,0.67,0.438,2.0,1.0
2026-01-02 00:10:00,M04,37.33,54.5,2.45,78.04,79.02,72.25,119.45,27.47,68.92,41.1,1218.73,,240.0,0.17,0.359,3.0,0.0
2026-01-02 00:15:00,M03,45.16,81.17,15.044895104895105,71.99,,84.78,123.98,24.5,60.05,47.26,1219.73,5.0,218.0,0.33,0.566,3.0,0.0
2026-01-02 00:20:00,M03,39.37,52.6,2.79,,64.0,62.8,124.01,29.95,68.02,413.183125,1220.74,0.0,172.0,0.5,,3.0,1.0
2026-01-02 00:25:00,M04,45.7,,3.4,80.24,90.83,62.42,121.21,19.4,89.82,59.71,1221.74,0.0,177.0,0.5,0.989,3.0,1.0
2026-01-02 00:30:00,M04,46.92,64.8,2.13,,70.01,78.72,116.41,30.21,63.44,45.49,1222.74,2.0,287.0,0.17,0.501,0.0,0.0
2026-01-02 00:35:00,M03,,66.8,2.35,73.42,76.62,71.87,104.04,30.08,69.82,40.21,1223.75,7.0,246.0,0.67,0.194,3.0,1.0
2026-01-02 00:40:00,M04,47.45,57.75,2.52,72.58,89.45,80.44,104.21,33.39,65.35,51.2,1224.75,,185.0,0.33,0.477,1.0,
2026-01-02 00:45:00,M03,43.32,67.6,2.91,78.0,81.0,72.05,124.48,21.98,61.97,,1225.75,0.0,62.0,0.17,0.866,2.0,
2026-01-02 00:50:00,M02,41.23,,2.71,70.87,88.77,78.85,101.08,40.7,84.34,42.14,1226.76,0.0,19.0,0.33,0.022,0.0,0.0
2026-01-02 00:55:00,M01,33.29,72.38,3.05,76.2,92.43,88.66,97.64,38.78,57.69,40.07,,7.0,155.0,0.67,0.68,0.0,1.0
2026-01-02 01:00:00,M01,45.34,73.04,3.68,68.9,68.32,62.82,141.45,26.13,69.34,61.07,1228.76,5.0,236.0,0.83,0.548,2.0,1.0
2026-01-02 01:05:00,M03,50.69,63.92,2.12,,87.22,86.85,116.1,37.3,70.7,44.14,1229.77,3.0,245.0,0.17,0.17,2.0,0.0
2026-01-02 01:10:00,M01,45.54,64.45,2.87,71.56,90.6,57.96,129.53,34.29,69.74,43.34,1230.77,6.0,251.0,0.5,0.817,2.0,1.0
2026-01-02 01:15:00,M03,44.58,,2.69,78.24,76.99,81.09,,27.8,67.47,29.99,1231.77,6.0,80.0,0.67,0.369,0.0,1.0
2026-01-02 01:20:00,M04,45.72,68.05,2.51,69.01,77.63,89.19,120.77,26.97,82.91,44.76,1232.78,7.0,167.0,0.5,0.294,1.0,1.0
2026-01-02 01:25:00,M02,43.06,73.19,2.86,74.18,64.7,69.76,114.35,27.34,53.1,35.51,1233.78,4.0,28.0,1.0,0.828,1.0,1.0
2026-01-02 01:30:00,M01,,72.97,2.34,79.42,86.25,81.45,114.6,,73.49,41.08,1234.78,4.0,64.0,0.5,0.639,2.0,1.0
2026-01-02 01:35:00,M01,42.98,,2.69,80.5,59.72,70.13,144.12,36.8,73.85,30.9,1235.79,5.0,224.0,0.67,0.898,0.0,1.0
2026-01-02 01:40:00,M04,40.51,61.18,1.72,78.82,87.75,80.85,111.62,28.99,72.3,53.65,1236.79,3.0,218.0,0.33,0.63,3.0,0.0
2026-01-02 01:45:00,M02,44.62,71.49,2.18,74.31,68.66,52.42,122.65,29.42,63.35,34.73,1237.79,7.0,30.0,0.67,0.741,0.0,1.0
2026-01-02 01:50:00,M02,44.51,63.75,,71.67,91.13,76.62,130.16,34.24,79.64,31.41,1238.8,4.0,291.0,,0.836,2.0,0.0
2026-01-02 01:55:00,,54.38,65.91,3.11,69.61,83.17,78.95,123.76,34.02,79.24,38.64,1239.8,,258.0,0.33,0.055,0.0,0.0
,M04,40.97,69.24,2.66,82.52,88.07,88.45,136.27,25.22,63.07,53.73,1240.8,6.0,37.0,0.5,0.776,0.0,1.0
2026-01-02 02:05:00,M01,44.2,72.8,2.23,75.52,73.5,84.25,114.2,31.49,60.42,41.89,1241.81,1.0,220.0,0.5,0.614,0.0,1.0
2026-01-02 02:10:00,M01,43.72,67.09,3.0,76.44,69.33,73.39,130.1,,58.87,42.82,1242.81,5.0,294.0,0.5,0.07,3.0,1.0
2026-01-02 02:15:00,M02,42.76,60.3,3.24,80.83,65.89,77.68,93.08,30.76,71.8,48.35,1243.81,2.0,29.0,0.5,0.509,2.0,1.0
2026-01-02 02:20:00,M04,47.57,79.38,2.25,77.93,,60.54,140.2,29.76,70.37,43.94,1244.82,3.0,29.0,3.5823487544483985,,2.0,1.0
2026-01-02 02:25:00,M04,56.19,77.24,1.63,74.36,85.3,91.44,136.85,35.09,67.11,53.67,1245.82,5.0,129.0,0.33,0.736,2.0,0.0
2026-01-02 02:30:00,M04,43.4,56.86,2.77,78.72,85.59,81.91,115.43,,86.65,43.32,1246.82,0.0,106.0,0.17,4.686551236749117,1.0,0.0
2026-01-02 02:35:00,M02,47.58,57.71,3.05,71.89,82.33,56.39,126.58,30.59,66.31,43.44,1247.83,7.0,129.0,0.5,0.954,1.0,1.0
2026-01-02 02:40:00,M04,35.44,58.71,,67.24,84.35,77.46,133.37,20.61,71.5,60.85,1248.83,4.0,34.0,0.33,0.183,2.0,0.0
2026-01-02 02:45:00,M02,43.03,71.79,3.44,82.06,77.67,78.22,104.43,31.62,68.45,45.39,1249.83,1.0,162.0,0.67,0.606,0.0,1.0
2026-01-02 02:50:00,M02,,79.68,3.44,72.3,82.96,67.26,117.83,26.11,85.7,46.61,1250.84,,254.0,0.67,0.212,0.0,1.0
2026-01-02 02:55:00,M02,44.73,60.95,2.32,73.48,73.15,75.97,100.41,22.41,54.08,43.53,1251.84,1.0,269.0,0.33,0.614,2.0,0.0
2026-01-02 03:00:00,M03,47.51,66.35,2.62,73.92,77.26,66.26,137.08,35.65,67.52,28.0,1252.84,2.0,13.0,0.5,0.723,3.0,1.0
2026-01-02 03:05:00,M02,41.89,58.98,2.2,71.99,104.35,60.95,132.34,29.79,74.91,51.11,1253.85,7.0,152.0,0.33,0.722,3.0,0.0
2026-01-02 03:10:00,M04,46.29,,1.89,80.51,80.31,68.87,115.79,19.61,68.22,56.62,1254.85,5.0,291.0,0.5,0.815,0.0,1.0
2026-01-02 03:15:00,M03,53.16,71.6,1.92,76.87,64.23,76.72,114.05,26.08,59.57,53.79,1255.85,1.0,229.0,0.5,0.854,0.0,1.0
2026-01-02 03:20:00,M01,39.2,58.4,2.93,73.48,76.73,84.28,,30.03,71.41,41.09,1256.86,5.0,169.0,0.5,0.077,1.0,1.0
2026-01-02 03:25:00,M01,,48.18,2.68,68.62,71.54,75.7,106.54,30.17,57.03,43.79,1257.86,7.0,85.0,,0.343,3.0,1.0
,M04,37.27,73.3,3.03,76.52,81.27,84.38,,27.5,75.36,47.44,1258.86,4.0,,0.5,0.687,0.0,1.0
2026-01-02 03:35:00,M04,42.57,60.42,4.02,62.75,72.89,81.49,104.43,13.17,66.69,47.2,1259.87,4.0,189.0,0.67,0.499,0.0,1.0
2026-01-02 03:40:00,M04,40.82,71.74,2.8,,78.31,64.65,133.47,27.24,65.35,49.77,1260.87,6.0,136.0,0.67,0.191,2.0,1.0
2026-01-02 03:45:00,M04,43.64,67.35,2.03,81.72,74.08,81.41,137.05,35.36,,46.42,,1.0,41.0,0.17,0.553,1.0,
2026-01-02 03:50:00,M03,40.76,50.33,3.12,75.32,81.58,81.69,134.18,37.01,61.97,42.47,1262.88,4.0,274.0,0.33,0.407,3.0,0.0
2026-01-02 03:55:00,M04,40.38,58.55,2.02,81.03,74.98,92.42,102.09,26.96,57.66,45.96,1263.88,7.0,22.0,0.5,0.39,3.0,1.0
2026-01-02 04:00:00,M02,39.07,62.17,3.55,68.85,82.86,79.11,116.87,39.42,62.72,51.99,1264.88,5.0,211.0,0.33,0.81,1.0,0.0
2026-01-02 04:05:00,M01,48.22,59.59,1.32,85.19,95.59,62.65,128.77,21.91,86.38,65.41,1265.89,6.0,27.0,0.33,0.408,0.0,0.0
2026-01-02 04:10:00,,43.81,65.93,2.17,80.49,70.76,69.46,131.53,25.95,61.97,41.51,1266.89,4.0,102.0,0.5,0.026,3.0,
2026-01-02 04:15:00,M02,42.5,68.21,2.87,77.38,85.79,56.47,92.42,34.46,72.92,46.58,1267.89,7.0,289.0,0.83,0.058,3.0,1.0
2026-01-02 04:20:00,M04,46.41,79.31,3.21,72.01,60.38,80.1,131.11,33.67,76.75,42.46,1268.9,7.0,69.0,0.67,0.856,3.0,1.0
2026-01-02 04:25:00,M02,37.53,68.78,2.09,71.18,78.14,91.54,101.35,29.95,62.48,47.15,1269.9,6.0,223.0,0.5,0.961,2.0,1.0
2026-01-02 04:30:00,M03,46.53,76.93,1.99,74.65,81.83,51.09,117.69,24.4,62.49,51.83,1270.9,0.0,109.0,0.33,0.688,1.0,0.0
2026-01-02 04:35:00,M01,44.53,61.19,2.59,81.01,74.02,91.96,138.86,24.39,71.44,43.54,1271.91,5.0,10.0,0.33,4.686551236749117,3.0,0.0
2026-01-02 04:40:00,M01,44.68,74.32,3.65,68.42,65.7,79.97,136.83,26.37,71.8,30.68,1272.91,7.0,52.0,0.67,0.939,1.0,1.0
2026-01-02 04:45:00,M03,47.6,61.95,1.58,,79.7,64.23,139.89,24.61,80.78,52.2,,6.0,177.0,0.33,0.663,0.0,0.0
2026-01-02 04:50:00,M02,53.22,57.66,2.31,78.67,92.26,77.57,104.01,30.65,63.85,45.91,1274.92,3.0,201.0,0.33,0.844,1.0,0.0
2026-01-02 04:55:00,M04,,57.33,2.66,79.65,78.83,64.56,107.71,29.54,66.98,42.61,1275.92,7.0,43.0,0.67,0.766,2.0,1.0
2026-01-02 05:00:00,M02,44.0,43.86,2.02,78.66,84.47,79.4,111.56,24.19,92.71,41.04,1276.92,4.0,43.0,0.33,0.379,2.0,
2026-01-02 05:05:00,M01,39.09,71.83,2.02,67.91,89.02,75.63,117.8,28.23,55.66,47.18,1277.93,4.0,185.0,0.33,0.479,1.0,0.0
2026-01-02 05:10:00,M03,33.05,54.68,2.36,80.66,99.77,78.29,123.25,16.75,54.02,40.13,1278.93,5.0,205.0,0.17,0.186,2.0,0.0
2026-01-02 05:15:00,M03,45.64,76.27,2.68,75.34,71.58,65.81,139.16,31.7,58.94,40.95,1279.93,,167.0,0.83,0.292,3.0,1.0
2026-01-02 05:20:00,M02,38.7,63.61,2.38,69.57,72.41,67.27,106.07,33.58,78.81,36.26,1280.94,2.0,254.0,0.5,0.778,2.0,1.0
2026-01-02 05:25:00,M02,32.3,52.56,3.38,74.88,77.66,80.02,110.57,,66.49,40.22,1281.94,3.0,80.0,0.67,0.894,,1.0
2026-01-02 05:30:00,M03,,56.06,2.86,65.21,84.92,69.97,141.35,26.07,66.49,49.42,1282.94,6.0,,,0.724,1.0,1.0
2026-01-02 05:35:00,M01,46.2,66.53,2.73,77.89,61.43,76.49,102.61,31.29,62.28,35.33,1283.95,3.0,294.0,0.67,0.465,1.0,1.0
2026-01-02 05:40:00,M04,48.72,49.96,3.12,74.36,85.23,79.53,130.9,30.53,77.35,53.06,1284.95,6.0,152.0,0.33,0.087,,0.0
2026-01-02 05:45:00,M04,50.31,69.72,2.74,68.65,81.19,,118.67,33.87,59.06,36.75,1285.95,7.0,106.0,0.5,0.057,0.0,1.0
2026-01-02 05:50:00,M02,49.38,52.87,2.23,73.55,75.73,86.55,125.82,26.12,65.35,46.05,1286.96,3.0,221.0,0.33,0.374,0.0,0.0
2026-01-02 05:55:00,M03,223.37021276595746,59.09,2.34,71.46,83.4,73.14,107.83,,62.59,48.39,1287.96,1.0,194.0,0.17,0.464,0.0,0.0
2026-01-02 06:00:00,M03,37.66,66.59,1.82,71.78,87.12,72.84,130.61,28.9,48.62,50.77,1288.96,0.0,214.0,0.0,0.609,3.0,0.0
2026-01-02 06:05:00,M03,44.25,68.74,3.7,63.69,88.22,68.68,110.19,24.67,66.17,,1289.97,0.0,225.0,,0.006,2.0,
2026-01-02 06:10:00,M01,47.9,71.38,3.06,66.64,80.12,85.4,98.71,28.79,69.53,44.41,,2.0,255.0,0.5,0.99,2.0,1.0
2026-01-02 06:15:00,M02,45.23,54.55,0.96,73.85,82.61,67.93,127.2,,63.8,413.183125,1291.97,3.0,248.0,,0.364,3.0,0.0
2026-01-02 06:20:00,M02,44.22,62.53,3.3,72.99,82.31,87.54,82.45,32.09,67.85,49.18,1292.98,3.0,17.0,0.5,,0.0,1.0
2026-01-02 06:25:00,M02,45.14,73.74,15.044895104895105,79.87,89.85,76.63,,25.32,68.06,46.95,1293.98,4.0,87.0,0.5,,1.0,1.0
2026-01-02 06:30:00,M01,46.23,62.53,2.81,71.84,83.05,101.82,124.37,31.26,68.94,42.58,1294.98,6.0,286.0,,0.13,1.0,0.0
2026-01-02 06:35:00,M02,44.62,67.35,1.18,72.37,85.16,68.4,131.37,37.28,61.57,47.6,1295.99,5.0,211.0,0.33,0.798,1.0,0.0
2026-01-02 06:40:00,M04,40.77,66.3,2.24,72.6,87.14,87.75,138.4,,61.11,43.83,1296.99,1.0,223.0,0.0,0.71,0.0,0.0
2026-01-02 06:45:00,,36.49,75.41,3.3,74.01,95.67,80.1,146.66,30.88,70.38,40.8,1297.99,1.0,103.0,0.33,0.527,,0.0
2026-01-02 06:50:00,M02,43.98,61.27,3.34,75.46,75.31,69.86,142.08,,58.19,42.35,1299.0,7.0,84.0,0.67,0.515,3.0,1.0
2026-01-02 06:55:00,M02,45.29,53.88,2.68,72.97,93.01,80.24,122.87,36.95,68.29,48.4,1300.0,2.0,,0.17,0.087,3.0,
